Workbook
Name LeadTypeList: Lists!$4:$4
Name SourceList: Lists!$3:$3
Name StageList: Lists!$A$1:$I$1
Name TypeList: Lists!$A$2:$F$2

Sheet Lists
A1: Round A | B1: Pre Seed | C1: TTOs | D1: Seed | E1: Startups Creation Platforms | F1: Ideation | G1: Growth/Large Company | H1: Other | I1: Human Capital Programs
A2: Email | B2: Call | C2: LinkedIn | D2: AIcademy Webinars | E2: Meeting | F2: Other
A3: רשהח"ד 2025 | B3: Webinars 2.26 | C3: יפעת | D3: Referral | E3: LinkedIn | F3: Website | G3: Conference | H3: Cold Outreach | I3: Partner | J3: AIcademy Webinars | K3: Other
A4: Lead | B4: Customer | C4: Past Customer | D4: Supplier | E4: Student | F4: Student Lead | G4: Contact | H4: Other

Sheet Next Actions
A1: NEAT CRM
A2: Next Actions
A3: # | B3: Date | C3: Contact Email | D3: Contact Name | E3: Company | F3: Type | G3: Subject / Topic | H3: Owner | I3: Next Action | J3: Next Action Date | K3: Status | L3: Days in Status | M3: Days to next
A4: =IF(tblOutreachLog_1[[#This Row],[Date]]<>0,ROW()-3,"") -> 1 | B4: 46096 | C4: Daya@taryag-group.com | D4: דיה לטוין | E4: תריג עיקור ומעבדות בעמ | F4: Email | G4: Schduale meeting with Alex & Yipaht | H4: Shir | I4: 46096 | J4: סטטוס | K4: Waiting of answer | L4: =TODAY()-tblOutreachLog_1[[#This Row],[Date]] -> 31 | M4: =tblOutreachLog_1[[#This Row],[Next Action]]-TODAY() -> -31
A5: =IF(tblOutreachLog_1[[#This Row],[Date]]<>0,ROW()-3,"") -> 2 | B5: 46096 | C5: uriel@norterra.co.il | D5: אוריאל פרמן | E5: נורטרה | F5: Email | G5: Schduale meeting with Alex & Yipaht | H5: Shir | I5: 46098 | J5: Meeting | K5: In Progress | L5: =TODAY()-tblOutreachLog_1[[#This Row],[Date]] -> 31 | M5: =tblOutreachLog_1[[#This Row],[Next Action]]-TODAY() -> -29
A6: =IF(tblOutreachLog_1[[#This Row],[Date]]<>0,ROW()-3,"") -> 3 | B6: 46096 | C6: maya@innoafrica.org | D6: מיה איל | E6: innovation Africa | F6: Email | G6: בקשה לפגישה עם יפעת | H6: Shir | I6: 46099 | J6: סטטוס | K6: Waiting of answer | L6: =TODAY()-tblOutreachLog_1[[#This Row],[Date]] -> 31 | M6: =tblOutreachLog_1[[#This Row],[Next Action]]-TODAY() -> -28
A7: =IF(tblOutreachLog_1[[#This Row],[Date]]<>0,ROW()-3,"") -> 4 | B7: 46096 | C7: nickyl@mor.org.il | D7: ניקי | E7: מור - מנכל מכון מור | F7: Email | G7: בקשה פגישה | H7: Shir | I7: 46099 | J7: סטטוס | K7: Waiting of answer | L7: =TODAY()-tblOutreachLog_1[[#This Row],[Date]] -> 31 | M7: =tblOutreachLog_1[[#This Row],[Next Action]]-TODAY() -> -28

Sheet Companies
A1: # | B1: Company Name | C1: Stage | D1: Source | E1: Website | F1: Type | G1: Track / Program | H1: Segment | I1: Notes | J1: Last Contact | K1: Interactions
A2: =IF(tblCompanies[[#This Row],[Company Name]]<>0,ROW()-1,"") -> 1 | B2: 3Dme | D2: Webinars 2.26 | E2: https://3dme.co.il | F2: Lead | I2: סריקות גוף והדפסת דמויות בתלת מימד | J2: =IFERROR(LOOKUP(2,1/('Outreach Log'!$E$2:$E$9998=B2),'Outreach Log'!$B$2:$B$9998),"") -> 46084 | K2: =COUNTIF('Outreach Log'!$E:$E,B2) -> 1
A3: =IF(tblCompanies[[#This Row],[Company Name]]<>0,ROW()-1,"") -> 2 | B3: Afimilk | D3: Webinars 2.26 | E3: https://afimilk.com | F3: Lead | I3: טכנולוגיות וניהול רפתות חלב | J3: =IFERROR(LOOKUP(2,1/('Outreach Log'!$E$2:$E$9998=B3),'Outreach Log'!$B$2:$B$9998),"") -> 46084 | K3: =COUNTIF('Outreach Log'!$E:$E,B3) -> 1
A4: =IF(tblCompanies[[#This Row],[Company Name]]<>0,ROW()-1,"") -> 3 | B4: Aigis Labs | D4: Webinars 2.26 | E4: https://aigis-labs.com | F4: Lead | I4: פתרונות לטיפול בפצעים ועור | J4: =IFERROR(LOOKUP(2,1/('Outreach Log'!$E$2:$E$9998=B4),'Outreach Log'!$B$2:$B$9998),"") -> 46084 | K4: =COUNTIF('Outreach Log'!$E:$E,B4) -> 1
A5: =IF(tblCompanies[[#This Row],[Company Name]]<>0,ROW()-1,"") -> 4 | B5: Ansora | D5: Webinars 2.26 | E5: https://www.ansora.ai/ | F5: Lead | I5: פלטפורמת תגמולים לקהילה ברשתות, מבוססת AI | J5: =IFERROR(LOOKUP(2,1/('Outreach Log'!$E$2:$E$9998=B5),'Outreach Log'!$B$2:$B$9998),"") -> 46084 | K5: =COUNTIF('Outreach Log'!$E:$E,B5) -> 1
A6: =IF(tblCompanies[[#This Row],[Company Name]]<>0,ROW()-1,"") -> 5 | B6: atlasensebiomed.com | D6: Webinars 2.26 | E6: https://atlasensebiomed.com | F6: Lead | I6: ניטור רפואי מרחוק וניתוח נתונים קליניים | J6: =IFERROR(LOOKUP(2,1/('Outreach Log'!$E$2:$E$9998=B6),'Outreach Log'!$B$2:$B$9998),"") -> 46084 | K6: =COUNTIF('Outreach Log'!$E:$E,B6) -> 1
A7: =IF(tblCompanies[[#This Row],[Company Name]]<>0,ROW()-1,"") -> 6 | B7: Attis Aviation | D7: Webinars 2.26 | E7: https://attis-aviation.com | F7: Lead | I7: פתרונות ותפעול כלי טיס בלתי מאוישים (UAS) | J7: =IFERROR(LOOKUP(2,1/('Outreach Log'!$E$2:$E$9998=B7),'Outreach Log'!$B$2:$B$9998),"") -> 46084 | K7: =COUNTIF('Outreach Log'!$E:$E,B7) -> 1
A8: =IF(tblCompanies[[#This Row],[Company Name]]<>0,ROW()-1,"") -> 7 | B8: Axioma | D8: Webinars 2.26 | E8: https://axioma-in.com | F8: Lead | I8: הנדסת מערכת ואינטגרציה לבטחון, HLS וערים חכמות | J8: =IFERROR(LOOKUP(2,1/('Outreach Log'!$E$2:$E$9998=B8),'Outreach Log'!$B$2:$B$9998),"") -> 46084 | K8: =COUNTIF('Outreach Log'!$E:$E,B8) -> 1
A9: =IF(tblCompanies[[#This Row],[Company Name]]<>0,ROW()-1,"") -> 8 | B9: BMC Helix | D9: Webinars 2.26 | E9: https://bmc.com | F9: Lead | I9: תוכנה לניהול IT ו-ITSM (BMC Helix) | J9: =IFERROR(LOOKUP(2,1/('Outreach Log'!$E$2:$E$9998=B9),'Outreach Log'!$B$2:$B$9998),"") -> 46084 | K9: =COUNTIF('Outreach Log'!$E:$E,B9) -> 1
A10: =IF(tblCompanies[[#This Row],[Company Name]]<>0,ROW()-1,"") -> 9 | B10: Bruker | D10: Webinars 2.26 | E10: https://bruker.com | F10: Lead | I10: מכשור מדעי ואנליטי למעבדות | J10: =IFERROR(LOOKUP(2,1/('Outreach Log'!$E$2:$E$9998=B10),'Outreach Log'!$B$2:$B$9998),"") -> 46084 | K10: =COUNTIF('Outreach Log'!$E:$E,B10) -> 1
A11: =IF(tblCompanies[[#This Row],[Company Name]]<>0,ROW()-1,"") -> 10 | B11: DenovAI | C11: Seed | D11: Webinars 2.26 | E11: https://denovai.com | F11: Lead | G11: הגברת השתתפות תאגידים תעשייתיים ישראליים בתכנית המסגרת האירופאית | I11: עיצוב חלבונים דה נובו באמצעות AI | J11: =IFERROR(LOOKUP(2,1/('Outreach Log'!$E$2:$E$9998=B11),'Outreach Log'!$B$2:$B$9998),"") -> 46084 | K11: =COUNTIF('Outreach Log'!$E:$E,B11) -> 1
A12: =IF(tblCompanies[[#This Row],[Company Name]]<>0,ROW()-1,"") -> 11 | B12: Desert Bird | C12: Pre Seed | D12: Webinars 2.26 | E12: https://desert-bird.com | F12: Lead | G12: תמיכה בביצוע פיילוטים (מסלול הטבה מס' 1) | I12: מערכות נגד רחפנים (Counter-UAS) | J12: =IFERROR(LOOKUP(2,1/('Outreach Log'!$E$2:$E$9998=B12),'Outreach Log'!$B$2:$B$9998),"") -> 46084 | K12: =COUNTIF('Outreach Log'!$E:$E,B12) -> 1
A13: =IF(tblCompanies[[#This Row],[Company Name]]<>0,ROW()-1,"") -> 12 | B13: Driveu.auto | D13: Webinars 2.26 | E13: https://driveu.auto | F13: Lead | I13: פלטפורמת קישוריות לטלה-אופרציה של רכבים אוטונומיים | J13: =IFERROR(LOOKUP(2,1/('Outreach Log'!$E$2:$E$9998=B13),'Outreach Log'!$B$2:$B$9998),"") -> 46084 | K13: =COUNTIF('Outreach Log'!$E:$E,B13) -> 1
A14: =IF(tblCompanies[[#This Row],[Company Name]]<>0,ROW()-1,"") -> 13 | B14: Emotion Logic | D14: Webinars 2.26 | E14: https://emotionlogic.ai | F14: Lead | I14: ניתוח רגשות בקול באמצעות AI | J14: =IFERROR(LOOKUP(2,1/('Outreach Log'!$E$2:$E$9998=B14),'Outreach Log'!$B$2:$B$9998),"") -> 46084 | K14: =COUNTIF('Outreach Log'!$E:$E,B14) -> 1
A15: =IF(tblCompanies[[#This Row],[Company Name]]<>0,ROW()-1,"") -> 14 | B15: ever after foods | D15: Webinars 2.26 | E15: https://everafterfoods.com | F15: Lead | I15: בשר מתורבת (cultivated meat) ופתרונות ייצור | J15: =IFERROR(LOOKUP(2,1/('Outreach Log'!$E$2:$E$9998=B15),'Outreach Log'!$B$2:$B$9998),"") -> 46084 | K15: =COUNTIF('Outreach Log'!$E:$E,B15) -> 1
A16: =IF(tblCompanies[[#This Row],[Company Name]]<>0,ROW()-1,"") -> 15 | B16: IEC | D16: Webinars 2.26 | E16: https://www.iec.co.il/ | F16: Lead | I16: חברת החשמל לישראל | J16: =IFERROR(LOOKUP(2,1/('Outreach Log'!$E$2:$E$9998=B16),'Outreach Log'!$B$2:$B$9998),"") -> 46084 | K16: =COUNTIF('Outreach Log'!$E:$E,B16) -> 1
A17: =IF(tblCompanies[[#This Row],[Company Name]]<>0,ROW()-1,"") -> 16 | B17: InFocus | D17: Webinars 2.26 | E17: https://www.infocus.com/ | F17: Lead | I17: ציוד תצוגה, מסכים ומקרנים | J17: =IFERROR(LOOKUP(2,1/('Outreach Log'!$E$2:$E$9998=B17),'Outreach Log'!$B$2:$B$9998),"") -> 46084 | K17: =COUNTIF('Outreach Log'!$E:$E,B17) -> 1
A18: =IF(tblCompanies[[#This Row],[Company Name]]<>0,ROW()-1,"") -> 17 | B18: Kokomodo | D18: Webinars 2.26 | E18: https://thekokomodo.com | F18: Lead | I18: nan | J18: =IFERROR(LOOKUP(2,1/('Outreach Log'!$E$2:$E$9998=B18),'Outreach Log'!$B$2:$B$9998),"") -> 46084 | K18: =COUNTIF('Outreach Log'!$E:$E,B18) -> 1
A19: =IF(tblCompanies[[#This Row],[Company Name]]<>0,ROW()-1,"") -> 18 | B19: NAVAIRO | D19: Webinars 2.26 | E19: https://navairo.com/ | F19: Lead | I19: פיוז׳ן חיישנים ל-UAV בעזרת AI | J19: =IFERROR(LOOKUP(2,1/('Outreach Log'!$E$2:$E$9998=B19),'Outreach Log'!$B$2:$B$9998),"") -> 46084 | K19: =COUNTIF('Outreach Log'!$E:$E,B19) -> 1
A20: =IF(tblCompanies[[#This Row],[Company Name]]<>0,ROW()-1,"") -> 19 | B20: Park Ariel Sharon | C20: Growth/Large Company | D20: Webinars 2.26 | E20: https://parksharon.co.il | F20: Lead | G20: הגברת השתתפות תאגידים תעשייתיים ישראליים בתכנית המסגרת האירופאית | I20: פארק שרון (מרכז עסקים/חדשנות) | J20: =IFERROR(LOOKUP(2,1/('Outreach Log'!$E$2:$E$9998=B20),'Outreach Log'!$B$2:$B$9998),"") -> 46084 | K20: =COUNTIF('Outreach Log'!$E:$E,B20) -> 1
A21: =IF(tblCompanies[[#This Row],[Company Name]]<>0,ROW()-1,"") -> 20 | B21: Pluri | D21: Webinars 2.26 | E21: https://mail.huji.ac.il | F21: Lead | I21: האוניברסיטה העברית | J21: =IFERROR(LOOKUP(2,1/('Outreach Log'!$E$2:$E$9998=B21),'Outreach Log'!$B$2:$B$9998),"") -> 46084 | K21: =COUNTIF('Outreach Log'!$E:$E,B21) -> 1
A22: =IF(tblCompanies[[#This Row],[Company Name]]<>0,ROW()-1,"") -> 21 | B22: qarakal | C22: Round A | D22: Webinars 2.26 | E22: https://qarakal.ai | F22: Lead | G22: קרן המו"פ – בקשת המשך שנה שניה/ שלישית לתאגיד צמיחה זכאי | I22: מחשוב קוונטי ומערכות היברידיות | J22: =IFERROR(LOOKUP(2,1/('Outreach Log'!$E$2:$E$9998=B22),'Outreach Log'!$B$2:$B$9998),"") -> 46084 | K22: =COUNTIF('Outreach Log'!$E:$E,B22) -> 1
A23: =IF(tblCompanies[[#This Row],[Company Name]]<>0,ROW()-1,"") -> 22 | B23: Wsc sports | D23: Webinars 2.26 | E23: https://wsc-sports.com/ | F23: Lead | I23: AI ליצירת תוכן ספורט מותאם אישית | J23: =IFERROR(LOOKUP(2,1/('Outreach Log'!$E$2:$E$9998=B23),'Outreach Log'!$B$2:$B$9998),"") -> 46084 | K23: =COUNTIF('Outreach Log'!$E:$E,B23) -> 1
A24: =IF(tblCompanies[[#This Row],[Company Name]]<>0,ROW()-1,"") -> 23 | B24: סופוויב | D24: Webinars 2.26 | E24: https://sofwave.com | F24: Lead | I24: טיפולי אולטרסאונד לא פולשניים לעור | J24: =IFERROR(LOOKUP(2,1/('Outreach Log'!$E$2:$E$9998=B24),'Outreach Log'!$B$2:$B$9998),"") -> 46084 | K24: =COUNTIF('Outreach Log'!$E:$E,B24) -> 1
A25: =IF(tblCompanies[[#This Row],[Company Name]]<>0,ROW()-1,"") -> 24 | B25: Beyon-D Innovations Ltd | D25: יפעת | E25: www.beyon-d.com | F25: Lead | H25: General Tech | I25: מיזם חדשנות טכנולוגי הפועל לפיתוח, האצה והבשלה של פתרונות חדשים. | J25: =IFERROR(LOOKUP(2,1/('Outreach Log'!$E$2:$E$9998=B25),'Outreach Log'!$B$2:$B$9998),"") | K25: =COUNTIF('Outreach Log'!$E:$E,B25) -> 0
A26: =IF(tblCompanies[[#This Row],[Company Name]]<>0,ROW()-1,"") -> 25 | B26: PolyX | D26: יפעת | E26: polyx.io | F26: Lead | H26: General Tech | I26: חברת טכנולוגיה הפועלת סביב פיתוח פתרונות חדשניים עם מיקוד במוצרים וחומרים מתקדמים. | J26: =IFERROR(LOOKUP(2,1/('Outreach Log'!$E$2:$E$9998=B26),'Outreach Log'!$B$2:$B$9998),"") | K26: =COUNTIF('Outreach Log'!$E:$E,B26) -> 0
A27: =IF(tblCompanies[[#This Row],[Company Name]]<>0,ROW()-1,"") -> 26 | B27: אדג' מדיקל ונצ'רס שותף כללי ,שותפות מוגבלת | D27: יפעת | E27: https://edgemed.vc | F27: Lead | G27: חממות טכנולוגיות לעידוד הקמה והשקעות הון לחברות הזנק | H27: General Tech | I27: אדג' מדיקל ונצ'רס היא קרן הון סיכון המתמקדת בטכנולוגיה רפואית, המפעילה חממה טכנולוגית ליצירה והשקעות הון בחברות הזנק | J27: =IFERROR(LOOKUP(2,1/('Outreach Log'!$E$2:$E$9998=B27),'Outreach Log'!$B$2:$B$9998),"") -> 46093 | K27: =COUNTIF('Outreach Log'!$E:$E,B27) -> 2
A28: =IF(tblCompanies[[#This Row],[Company Name]]<>0,ROW()-1,"") -> 27 | B28: אומניסול מערכות מידע בע"מ | D28: יפעת | E28: omnisol.co.il | F28: Lead | H28: AI, Software | I28: חברת תוכנה המפתחת מערכות ניהול מידע וידע מבוססות AI ואונטולוגיות. | J28: =IFERROR(LOOKUP(2,1/('Outreach Log'!$E$2:$E$9998=B28),'Outreach Log'!$B$2:$B$9998),"") -> 46093 | K28: =COUNTIF('Outreach Log'!$E:$E,B28) -> 4
A29: =IF(tblCompanies[[#This Row],[Company Name]]<>0,ROW()-1,"") -> 28 | B29: אוניברסיטת בן-גוריון B.G. Technologies & Application LTD Yazamut 360° | D29: יפעת | E29: https://www.bgu.ac.il/ | F29: Lead | H29: Academia | I29: יחידת המסחור והיזמות של אוניברסיטת בן-גוריון המחברת מחקר אקדמי לתעשייה ולסטארטאפים. | J29: =IFERROR(LOOKUP(2,1/('Outreach Log'!$E$2:$E$9998=B29),'Outreach Log'!$B$2:$B$9998),"") -> 46093 | K29: =COUNTIF('Outreach Log'!$E:$E,B29) -> 1
A30: =IF(tblCompanies[[#This Row],[Company Name]]<>0,ROW()-1,"") -> 29 | B30: אוניברסיטת חיפה | C30: Startups Creation Platforms | D30: רשהח"ד 2025 | E30: https://haifa.ac.il | F30: Lead | G30: קרן ההון האנושי להייטק | H30: Academia | I30: אוניברסיטת מחקר המציעה מסלולי הכשרה לפיתוח ועידוד יזמות באמצעות המרכז ליזמות וחדשנות ורשת השותפויות הבין מגזריות שהוא יוצר | J30: =IFERROR(LOOKUP(2,1/('Outreach Log'!$E$2:$E$9998=B30),'Outreach Log'!$B$2:$B$9998),"") -> 46126 | K30: =COUNTIF('Outreach Log'!$E:$E,B30) -> 3
A31: =IF(tblCompanies[[#This Row],[Company Name]]<>0,ROW()-1,"") -> 30 | B31: אי אייץ' וי ישראל, שותפות מוגבלת | D31: יפעת | E31: http://www.ehealthventures.com | F31: Lead | H31: Medical device | I31: קרן הון סיכון בתחום הבריאות הדיגיטלית והמדטק המשקיעה בשלבים מוקדמים. | J31: =IFERROR(LOOKUP(2,1/('Outreach Log'!$E$2:$E$9998=B31),'Outreach Log'!$B$2:$B$9998),"") -> 46093 | K31: =COUNTIF('Outreach Log'!$E:$E,B31) -> 3
A32: =IF(tblCompanies[[#This Row],[Company Name]]<>0,ROW()-1,"") -> 31 | B32: אי. אי. ג'י-סנס בע"מ | D32: יפעת | E32: http://www.brain.space | F32: Lead | G32: מסלול מעבדות מו״פ ומאגרי מידע- קרן תשתיות המו"פ | H32: Medical device, AI | I32: Brain.space מפתחת בינה מלאכותית מבוססת מודלים מנטליים ודאטה מוחית, לחיזוי התנהגויות ופרסונליזציה של מוצרים ושירותים. זאת באמצעות פלטפורמת Brain-Data-as-a-Service לאיסוף וניתוח דאטה מוחי. | J32: =IFERROR(LOOKUP(2,1/('Outreach Log'!$E$2:$E$9998=B32),'Outreach Log'!$B$2:$B$9998),"") -> 46093 | K32: =COUNTIF('Outreach Log'!$E:$E,B32) -> 3
A33: =IF(tblCompanies[[#This Row],[Company Name]]<>0,ROW()-1,"") -> 32 | B33: איגנייט דיפטק בע״מ | D33: יפעת | E33: http://www.ignitedeeptech.com | F33: Lead | G33: קרן ההון האנושי להייטק | H33: General Tech | I33: איגנייט תאגיד להאצת חברות הזנק | J33: =IFERROR(LOOKUP(2,1/('Outreach Log'!$E$2:$E$9998=B33),'Outreach Log'!$B$2:$B$9998),"") -> 46093 | K33: =COUNTIF('Outreach Log'!$E:$E,B33) -> 2
A34: =IF(tblCompanies[[#This Row],[Company Name]]<>0,ROW()-1,"") -> 33 | B34: איון לאבס מעבדת חדשנות בע"מ | C34: Startups Creation Platforms | D34: רשהח"ד 2025 | E34: https://aionlabs.com | F34: Lead | G34: מעבדות לחדשנות טכנולוגית - תפעול שוטף/ תשתית טכנולוגית | H34: AI | I34: מעבדה לחדשנות | J34: =IFERROR(LOOKUP(2,1/('Outreach Log'!$E$2:$E$9998=B34),'Outreach Log'!$B$2:$B$9998),"") -> 46093 | K34: =COUNTIF('Outreach Log'!$E:$E,B34) -> 3
A35: =IF(tblCompanies[[#This Row],[Company Name]]<>0,ROW()-1,"") -> 34 | B35: אינוביסטק | D35: יפעת | E35: https://innoveast.org | F35: Lead | G35: מסגרות האצת חדשנות- מרכזי חדשנות טכנולוגית | H35: Academia | I35: המרכז מקדם יזמות, תעסוקה וחדשנות בהייטק באזור יהודה ושומרון באמצעות שותפויות אסטרטגיות, הכשרות מקצועיות, תמיכה במיזמים ויצירת קהילה יזמית מחוברת ומעצימה. | J35: =IFERROR(LOOKUP(2,1/('Outreach Log'!$E$2:$E$9998=B35),'Outreach Log'!$B$2:$B$9998),"") -> 46126 | K35: =COUNTIF('Outreach Log'!$E:$E,B35) -> 2
A36: =IF(tblCompanies[[#This Row],[Company Name]]<>0,ROW()-1,"") -> 35 | B36: אלאג'ן בע"מ | D36: יפעת | E36: http://www.alagene.co.il | F36: Lead | G36: מסלול מאגדי מחקר יישומי- קרן המחקר היישומי | H36: Biology | I36: אלאג'ין הינה חברת שירותים בביולוגיה סינתטית המאפשרת לחוקרים, חברות ויזמים לקדם חדשנות טכנולוגית החל משלבי מחקר ופיתוח ועד גמלון ומסחור של ביו-תהליכים. החברה מתמחה בהנדסת זנים, פרמנטציה ותהליכי ניקוי חלבונים לשיפור ייצור מיקרוביאלי יעיל ובר-קיימא | J36: =IFERROR(LOOKUP(2,1/('Outreach Log'!$E$2:$E$9998=B36),'Outreach Log'!$B$2:$B$9998),"") -> 46093 | K36: =COUNTIF('Outreach Log'!$E:$E,B36) -> 2
A37: =IF(tblCompanies[[#This Row],[Company Name]]<>0,ROW()-1,"") -> 36 | B37: אלון מדטק ונצ'רס בע"מ | D37: יפעת | E37: http://www.alon-medtech.com/ | F37: Lead | H37: Medical device | I37: חממת מדטק המשקיעה ומלווה מיזמים בשלבים מוקדמים בתחום המכשור הרפואי. | J37: =IFERROR(LOOKUP(2,1/('Outreach Log'!$E$2:$E$9998=B37),'Outreach Log'!$B$2:$B$9998),"") -> 46093 | K37: =COUNTIF('Outreach Log'!$E:$E,B37) -> 4
A38: =IF(tblCompanies[[#This Row],[Company Name]]<>0,ROW()-1,"") -> 37 | B38: אפקה המכללה האקדמית להנדסה בת"א | D38: יפעת | E38: https://afeka.ac.il | F38: Lead | G38: מסלול מאגדי מחקר יישומי- קרן המחקר היישומי | H38: Academia | I38: אפקה המכללה להנדסה בתל אביב | J38: =IFERROR(LOOKUP(2,1/('Outreach Log'!$E$2:$E$9998=B38),'Outreach Log'!$B$2:$B$9998),"") -> 46126 | K38: =COUNTIF('Outreach Log'!$E:$E,B38) -> 3
A39: =IF(tblCompanies[[#This Row],[Company Name]]<>0,ROW()-1,"") -> 38 | B39: ארבה רובוטיקס בע"מ | D39: יפעת | E39: http://www.arberobotics.com/ | F39: Lead | H39: Robotics | I39: מפתחת רדאר הדמייתי 4D לרכב אוטונומי ומערכות סיוע לנהג. | J39: =IFERROR(LOOKUP(2,1/('Outreach Log'!$E$2:$E$9998=B39),'Outreach Log'!$B$2:$B$9998),"") -> 46093 | K39: =COUNTIF('Outreach Log'!$E:$E,B39) -> 3
A40: =IF(tblCompanies[[#This Row],[Company Name]]<>0,ROW()-1,"") -> 39 | B40: ארט מדיקל בע"מ | D40: יפעת | E40: https://artmedical.com/ | F40: Lead | G40: הגברת השתתפות תאגידים תעשייתיים ישראליים בתכנית המסגרת האירופאית | H40: General Tech | I40: ארט מדיקל בע"מ | J40: =IFERROR(LOOKUP(2,1/('Outreach Log'!$E$2:$E$9998=B40),'Outreach Log'!$B$2:$B$9998),"") -> 46093 | K40: =COUNTIF('Outreach Log'!$E:$E,B40) -> 4
A41: =IF(tblCompanies[[#This Row],[Company Name]]<>0,ROW()-1,"") -> 40 | B41: בי או אר גרין גרופ | C41: TTOs | D41: רשהח"ד 2025 | E41: https://green-group.co.il | F41: Lead | G41: הגברת השתתפות תאגידים תעשייתיים ישראליים בתכנית המסגרת האירופאית | H41: General Tech | I41: החברה כאמור מהווה מינהלת התחדשות עירונית ומלווה בניהול הליכים מול ועם בעלי קרקר, רשויות ויזמים לצד איתור וניהול הליכי תכנון ומתחמים | J41: =IFERROR(LOOKUP(2,1/('Outreach Log'!$E$2:$E$9998=B41),'Outreach Log'!$B$2:$B$9998),"") -> 46093 | K41: =COUNTIF('Outreach Log'!$E:$E,B41) -> 1
A42: =IF(tblCompanies[[#This Row],[Company Name]]<>0,ROW()-1,"") -> 41 | B42: ביודליה טכנולוגיות מיקרוביולוגיות בע"מ | D42: יפעת | E42: http://www.biodalia.com | F42: Lead | G42: מסלול מאגדי מחקר יישומי- קרן המחקר היישומי | H42: AgriTech | I42: ביודליה היא חברה לייצור ושיווק של חומרים להדברה ביולוגית ומוצרים מבוססי פרמנטציה ליישום בחקלאות ובהגנת הסביבה. מוצר DaliaX הינו מוצר חדש להדברה ביולוגית של מזיקים ממשפחת העשים בחקלאות. המוצר מבוסס על חיידק חדש ממשפחת החיידקים Bacillus thuringiensis … | J42: =IFERROR(LOOKUP(2,1/('Outreach Log'!$E$2:$E$9998=B42),'Outreach Log'!$B$2:$B$9998),"") -> 46126 | K42: =COUNTIF('Outreach Log'!$E:$E,B42) -> 2
A43: =IF(tblCompanies[[#This Row],[Company Name]]<>0,ROW()-1,"") -> 42 | B43: בית החולים הציבורי אסותא אשדוד (ע״ר) | D43: יפעת | E43: https://rise.assuta.co.il/ | F43: Lead | G43: מסלול מעבדות מו״פ ומאגרי מידע- קרן תשתיות המו"פ | H43: Medical device | I43: זרוע החדשנות של אסותא המקדמת פיתוח והטמעה של טכנולוגיות רפואיות ודאטה רפואי. | J43: =IFERROR(LOOKUP(2,1/('Outreach Log'!$E$2:$E$9998=B43),'Outreach Log'!$B$2:$B$9998),"") -> 46126 | K43: =COUNTIF('Outreach Log'!$E:$E,B43) -> 5
A44: =IF(tblCompanies[[#This Row],[Company Name]]<>0,ROW()-1,"") -> 43 | B44: בריאה מעבדות בע"מ | D44: יפעת | E44: https://briya.com/ | F44: Lead | H44: AI | I44: פלטפורמה מאובטחת למחקר רפואי וניתוח נתוני בריאות בעזרת AI. | J44: =IFERROR(LOOKUP(2,1/('Outreach Log'!$E$2:$E$9998=B44),'Outreach Log'!$B$2:$B$9998),"") -> 46093 | K44: =COUNTIF('Outreach Log'!$E:$E,B44) -> 2
A45: =IF(tblCompanies[[#This Row],[Company Name]]<>0,ROW()-1,"") -> 44 | B45: גאיה פרטנרס - גלילאו סטודיו וונצ'רס בע"מ | D45: יפעת | E45: https://gaiapartners.co.il | F45: Lead | G45: מסגרות האצת חדשנות- מרכזי חדשנות טכנולוגית | H45: General Tech | I45: סטודיו ונצ'ר המקים ומאיץ מיזמי ביוטק ולייף סיינס עם חוקרים ויזמים. | J45: =IFERROR(LOOKUP(2,1/('Outreach Log'!$E$2:$E$9998=B45),'Outreach Log'!$B$2:$B$9998),"") -> 46093 | K45: =COUNTIF('Outreach Log'!$E:$E,B45) -> 3
A46: =IF(tblCompanies[[#This Row],[Company Name]]<>0,ROW()-1,"") -> 45 | B46: גינובייט (תיקליניק) | D46: יפעת | E46: techlinic.com | F46: Lead | G46: פיתוח הון אנושי עבור התעשייה עתירת הידע בישראל | H46: Software | I46: לא רלוונטי | J46: =IFERROR(LOOKUP(2,1/('Outreach Log'!$E$2:$E$9998=B46),'Outreach Log'!$B$2:$B$9998),"") -> 46093 | K46: =COUNTIF('Outreach Log'!$E:$E,B46) -> 3
A47: =IF(tblCompanies[[#This Row],[Company Name]]<>0,ROW()-1,"") -> 46 | B47: גלילאו - מיגל מסחור טכנולוגיות בע"מ | D47: יפעת | E47: https://www.migal.org.il/en | F47: Lead | H47: General Tech | I47: חברת מסחור הטכנולוגיות של מיגל לקידום מחקר, פטנטים וספין-אופים. | J47: =IFERROR(LOOKUP(2,1/('Outreach Log'!$E$2:$E$9998=B47),'Outreach Log'!$B$2:$B$9998),"") -> 46093 | K47: =COUNTIF('Outreach Log'!$E:$E,B47) -> 1
A48: =IF(tblCompanies[[#This Row],[Company Name]]<>0,ROW()-1,"") -> 47 | B48: גראם ביוטק פאונדרי בע"מ | D48: יפעת | E48: https://gram-bio.com | F48: Lead | G48: קרן ההון האנושי להייטק | H48: General Tech | I48: גראם היא פלטפורמה להכשרת יזמים במדעי החיים וביוקונברג'נס, הפועלת בירושלים. במסגרת שיתוף פעולה ייחודי עם האוניברסיטה העברית (IP-free), גראם מסייעת בתיקוף מדעי, קניין רוחני, רגולציה, גיוס הון ושותפויות להקמת חברות. | J48: =IFERROR(LOOKUP(2,1/('Outreach Log'!$E$2:$E$9998=B48),'Outreach Log'!$B$2:$B$9998),"") -> 46093 | K48: =COUNTIF('Outreach Log'!$E:$E,B48) -> 1
A49: =IF(tblCompanies[[#This Row],[Company Name]]<>0,ROW()-1,"") -> 48 | B49: הדסית שרותי מחקר רפואי ופתוח בע"מ | D49: יפעת | E49: http://www.hadasit.org.il | F49: Lead | H49: Medical device | I49: VP BD, Medical devices & Digital health | J49: =IFERROR(LOOKUP(2,1/('Outreach Log'!$E$2:$E$9998=B49),'Outreach Log'!$B$2:$B$9998),"") -> 46093 | K49: =COUNTIF('Outreach Log'!$E:$E,B49) -> 2
A50: =IF(tblCompanies[[#This Row],[Company Name]]<>0,ROW()-1,"") -> 49 | B50: המרכז האקדמי לב (ע"ר) | D50: יפעת | E50: http://www.jct.ac.il | F50: Lead | H50: Academia | I50: מוסד אקדמי המשלב לימודי הנדסה, מדעים וטכנולוגיה עם הכשרה יישומית. | J50: =IFERROR(LOOKUP(2,1/('Outreach Log'!$E$2:$E$9998=B50),'Outreach Log'!$B$2:$B$9998),"") -> 46093 | K50: =COUNTIF('Outreach Log'!$E:$E,B50) -> 1
A51: =IF(tblCompanies[[#This Row],[Company Name]]<>0,ROW()-1,"") -> 50 | B51: וואי די לאבס בע"מ | D51: יפעת | E51: https://yd-labs.com/ | F51: Lead | H51: AgriTech | I51: חברת CDMO המתמחה בפיתוח, פרמנטציה וייצור לתעשיות ביוטק, מזון ובריאות. | J51: =IFERROR(LOOKUP(2,1/('Outreach Log'!$E$2:$E$9998=B51),'Outreach Log'!$B$2:$B$9998),"") -> 46093 | K51: =COUNTIF('Outreach Log'!$E:$E,B51) -> 3
A52: =IF(tblCompanies[[#This Row],[Company Name]]<>0,ROW()-1,"") -> 51 | B52: וי אל אקס | D52: יפעת | E52: vlx.co.il | F52: Lead | H52: General Tech | I52: ונצ'ר סטודיו ופלטפורמת הקמת חברות המתמקדת בעיקר במיזמי ביופארמה. | J52: =IFERROR(LOOKUP(2,1/('Outreach Log'!$E$2:$E$9998=B52),'Outreach Log'!$B$2:$B$9998),"") -> 46093 | K52: =COUNTIF('Outreach Log'!$E:$E,B52) -> 2
A53: =IF(tblCompanies[[#This Row],[Company Name]]<>0,ROW()-1,"") -> 52 | B53: ורביט סופטוור בע"מ | D53: יפעת | E53: verbit.ai | F53: Lead | H53: AI | I53: פלטפורמת AI לתמלול, כתוביות והנגשת אודיו-וידאו לארגונים. | J53: =IFERROR(LOOKUP(2,1/('Outreach Log'!$E$2:$E$9998=B53),'Outreach Log'!$B$2:$B$9998),"") -> 46093 | K53: =COUNTIF('Outreach Log'!$E:$E,B53) -> 3
A54: =IF(tblCompanies[[#This Row],[Company Name]]<>0,ROW()-1,"") -> 53 | B54: זטרה אי איי בע״מ | D54: יפעת | E54: www.zetta.ai | F54: Lead | H54: AI | I54: חברת מחקר ו-AI המפתחת כלים אוטומטיים למיפוי וחקר רשתות עצביות במוח. | J54: =IFERROR(LOOKUP(2,1/('Outreach Log'!$E$2:$E$9998=B54),'Outreach Log'!$B$2:$B$9998),"") -> 46093 | K54: =COUNTIF('Outreach Log'!$E:$E,B54) -> 1
A55: =IF(tblCompanies[[#This Row],[Company Name]]<>0,ROW()-1,"") -> 54 | B55: טרייג'נט | D55: יפעת | E55: traigent.ai | F55: Lead | G55: תנופה- הגשה על ידי יזם/ קבוצת יזמים | H55: AI | I55: מוצר לטיוב יישומים מבוססי בינה מלאכותית | J55: =IFERROR(LOOKUP(2,1/('Outreach Log'!$E$2:$E$9998=B55),'Outreach Log'!$B$2:$B$9998),"") -> 46093 | K55: =COUNTIF('Outreach Log'!$E:$E,B55) -> 1
A56: =IF(tblCompanies[[#This Row],[Company Name]]<>0,ROW()-1,"") -> 55 | B56: ידע מחקר ופיתוח | D56: יפעת | E56: http://www.yedarnd.com/ | F56: Lead | H56: General Tech | I56: זרוע המסחור של מכון ויצמן המקדמת מסחור קניין רוחני והקמת חברות. | J56: =IFERROR(LOOKUP(2,1/('Outreach Log'!$E$2:$E$9998=B56),'Outreach Log'!$B$2:$B$9998),"") -> 46093 | K56: =COUNTIF('Outreach Log'!$E:$E,B56) -> 2
A57: =IF(tblCompanies[[#This Row],[Company Name]]<>0,ROW()-1,"") -> 56 | B57: לאבס 02 שותפות מוגבלת | D57: יפעת | E57: labs02.com | F57: Lead | H57: General Tech | I57: ונצ'ר אינקובטור המלווה ומשקיע בסטארטאפי דיפטק בשלבים מוקדמים. | J57: =IFERROR(LOOKUP(2,1/('Outreach Log'!$E$2:$E$9998=B57),'Outreach Log'!$B$2:$B$9998),"") -> 46093 | K57: =COUNTIF('Outreach Log'!$E:$E,B57) -> 2
A58: =IF(tblCompanies[[#This Row],[Company Name]]<>0,ROW()-1,"") -> 57 | B58: מ.שהם סחר בע"מ | D58: יפעת | E58: https://mshoham.co.il/he/ | F58: Lead | H58: Optics | I58: ספקית מובילה של טכנולוגיות, מערכות ופתרונות לייזר לתעשייה ולמחקר. | J58: =IFERROR(LOOKUP(2,1/('Outreach Log'!$E$2:$E$9998=B58),'Outreach Log'!$B$2:$B$9998),"") -> 46093 | K58: =COUNTIF('Outreach Log'!$E:$E,B58) -> 3
A59: =IF(tblCompanies[[#This Row],[Company Name]]<>0,ROW()-1,"") -> 58 | B59: מד אקס אקסלרטור, שותפות מוגבלת | D59: יפעת | E59: http://www.medxelerator.com | F59: Lead | H59: Medical device | I59: אקסלרטור למדטק המלווה יזמים וחברות רפואיות בשלבי צמיחה מוקדמים. | J59: =IFERROR(LOOKUP(2,1/('Outreach Log'!$E$2:$E$9998=B59),'Outreach Log'!$B$2:$B$9998),"") | K59: =COUNTIF('Outreach Log'!$E:$E,B59) -> 0
A60: =IF(tblCompanies[[#This Row],[Company Name]]<>0,ROW()-1,"") -> 59 | B60: מדעית שערי צדק בע"מ | D60: יפעת | E60: http://www.madait.co.il | F60: Lead | H60: Medical device | I60: זרוע החדשנות והמסחור של המרכז הרפואי שערי צדק. | J60: =IFERROR(LOOKUP(2,1/('Outreach Log'!$E$2:$E$9998=B60),'Outreach Log'!$B$2:$B$9998),"") -> 46093 | K60: =COUNTIF('Outreach Log'!$E:$E,B60) -> 1
A61: =IF(tblCompanies[[#This Row],[Company Name]]<>0,ROW()-1,"") -> 60 | B61: מוסד הטכניון למחקר ופיתוח בע"מ | D61: יפעת | E61: http://www.technion.ac.il | F61: Lead | H61: General Tech | I61: זרוע המחקר, הפיתוח והמסחור של הטכניון. | J61: =IFERROR(LOOKUP(2,1/('Outreach Log'!$E$2:$E$9998=B61),'Outreach Log'!$B$2:$B$9998),"") -> 46093 | K61: =COUNTIF('Outreach Log'!$E:$E,B61) -> 1
A62: =IF(tblCompanies[[#This Row],[Company Name]]<>0,ROW()-1,"") -> 61 | B62: מור יישום מחקרים בע"מ | C62: Startups Creation Platforms | D62: רשהח"ד 2025 | E62: https://mor-research.com | F62: Lead | G62: מסלול מעבדות מו״פ ומאגרי מידע- קרן תשתיות המו"פ | H62: Medical device | I62: מור יישום | J62: =IFERROR(LOOKUP(2,1/('Outreach Log'!$E$2:$E$9998=B62),'Outreach Log'!$B$2:$B$9998),"") -> 46126 | K62: =COUNTIF('Outreach Log'!$E:$E,B62) -> 3
A63: =IF(tblCompanies[[#This Row],[Company Name]]<>0,ROW()-1,"") -> 62 | B63: מימד דיאגנוסטיקס בע"מ | C63: Startups Creation Platforms | D63: רשהח"ד 2025 | E63: http://www.me-med.com | F63: Lead | G63: מסלול מעבדות מו״פ ומאגרי מידע- קרן תשתיות המו"פ | H63: General Tech | I63: החברה מפתחת פתרונות חדשים המפענחים את מערכת החיסון האנושית על מנת להתמודד עם חולים בעלי מחלות דלקתיות זיהומיות. | J63: =IFERROR(LOOKUP(2,1/('Outreach Log'!$E$2:$E$9998=B63),'Outreach Log'!$B$2:$B$9998),"") -> 46093 | K63: =COUNTIF('Outreach Log'!$E:$E,B63) -> 3
A64: =IF(tblCompanies[[#This Row],[Company Name]]<>0,ROW()-1,"") -> 63 | B64: מיקרובוט מדיקל בע"מ | D64: יפעת | E64: microbotmedical.com | F64: Lead | G64: מעבר מפיתוח לייצור | H64: Medical device, Robotics | I64: החברה מפתחת מערכת רובוטית ממוזערת לשימוש חד פעמי, הנשלטת מרחוק ומאפשרת החדרת guidewires וצנתרים (מהמדף) לצורכי ביצוע פרוצדורות כלי דם (תת-עוריות) | J64: =IFERROR(LOOKUP(2,1/('Outreach Log'!$E$2:$E$9998=B64),'Outreach Log'!$B$2:$B$9998),"") -> 46126 | K64: =COUNTIF('Outreach Log'!$E:$E,B64) -> 4
A65: =IF(tblCompanies[[#This Row],[Company Name]]<>0,ROW()-1,"") -> 64 | B65: מרכז החדשנות דרום בע"מ | D65: יפעת | E65: darom.life | F65: Lead | G65: מסגרות האצת חדשנות- מרכזי חדשנות טכנולוגית | H65: Academia | I65: מרכז החדשנות דרום משמש כמנוע צמיחה ומרכז ידע בחדשנות טכנולוגית ובפיתוח תעסוקה איכותית בנגב המזרחי - בהיקף אזורי, לאומי ובינלאומי - לפיתוח ומסחור טכנולוגיות בתחומי תעשייה מתקדמת, אנרגיה ומימן, רחפנים ורובוטיקה, מדבר. | J65: =IFERROR(LOOKUP(2,1/('Outreach Log'!$E$2:$E$9998=B65),'Outreach Log'!$B$2:$B$9998),"") -> 46126 | K65: =COUNTIF('Outreach Log'!$E:$E,B65) -> 4
A66: =IF(tblCompanies[[#This Row],[Company Name]]<>0,ROW()-1,"") -> 65 | B66: מרכז החדשנות לדזרטק ואקלים בעמ | D66: יפעת | E66: https://www.desertech.org.il/ | F66: Lead | H66: General Tech | I66: קהילת חדשנות המקדמת טכנולוגיות לחיים בני-קיימא באקלים צחיח. | J66: =IFERROR(LOOKUP(2,1/('Outreach Log'!$E$2:$E$9998=B66),'Outreach Log'!$B$2:$B$9998),"") -> 46093 | K66: =COUNTIF('Outreach Log'!$E:$E,B66) -> 2
A67: =IF(tblCompanies[[#This Row],[Company Name]]<>0,ROW()-1,"") -> 66 | B67: מרכז החדשנות נורת' מד בע"מ | C67: Startups Creation Platforms | D67: רשהח"ד 2025 | E67: http://www.northmed.tech | F67: Lead | G67: מסגרות האצת חדשנות- מרכזי חדשנות טכנולוגית | H67: General Tech | I67: מרכז חדשנות | J67: =IFERROR(LOOKUP(2,1/('Outreach Log'!$E$2:$E$9998=B67),'Outreach Log'!$B$2:$B$9998),"") -> 46126 | K67: =COUNTIF('Outreach Log'!$E:$E,B67) -> 4
A68: =IF(tblCompanies[[#This Row],[Company Name]]<>0,ROW()-1,"") -> 67 | B68: מרכז לביטחון וחוסן - נגב מערבי בע"מ | D68: יפעת | E68: https://hamitbah.com | F68: Lead | G68: מסגרות האצת חדשנות- מרכזי חדשנות טכנולוגית | H68: HLS | I68: המרכז הטכנולוגי לחוסן ובטחון בנגב המערבי מהווה מרכז כלל אזורי שייעודו הטמעת ערכי יזמות וחדשנות במרחב, ביצוע הכשרות בתחומי ההייטק, הנבטת רעיונות והובלת מיזמים צעירים בתהליכי הפיתוח והצמיחה ליצירת חברות בנות קיימא לטובת הכלכלה והחברה בנגב המערבי | J68: =IFERROR(LOOKUP(2,1/('Outreach Log'!$E$2:$E$9998=B68),'Outreach Log'!$B$2:$B$9998),"") -> 46126 | K68: =COUNTIF('Outreach Log'!$E:$E,B68) -> 2
A69: =IF(tblCompanies[[#This Row],[Company Name]]<>0,ROW()-1,"") -> 68 | B69: סטרטסיס בע"מ | D69: יפעת | E69: http://www.stratasys.com/ | F69: Lead | H69: Industrial Tech | I69: חברה גלובלית מובילה במדפסות תלת-ממד ופתרונות ייצור בתוספת חומר. | J69: =IFERROR(LOOKUP(2,1/('Outreach Log'!$E$2:$E$9998=B69),'Outreach Log'!$B$2:$B$9998),"") -> 46093 | K69: =COUNTIF('Outreach Log'!$E:$E,B69) -> 3
A70: =IF(tblCompanies[[#This Row],[Company Name]]<>0,ROW()-1,"") -> 69 | B70: סי-גה אבטחת מידע (2014) בע"מ | C70: Growth/Large Company | D70: רשהח"ד 2025 | E70: http://www.sigasec.com/ | F70: Lead | G70: מחקר יישומי בתעשייה - מו"פ דואלי | H70: Cybersecurity | I70: SIGA מספקת פתרון הגנת סייבר למערכות בקרה תעשייתיות בתשתיות קריטיות ותהליכים תעשייתיים. SigaGuardX מיישם ML ו-AI על מידע תהליכי מכל השכבות במערכת הבקרה (0-4) ומזהה התקפות סייבר בהתבסס על חריגות ואי-התאמות ומספק בזמן אמת תמיכה ל-CISO בניהול אירוע סייבר | J70: =IFERROR(LOOKUP(2,1/('Outreach Log'!$E$2:$E$9998=B70),'Outreach Log'!$B$2:$B$9998),"") -> 46093 | K70: =COUNTIF('Outreach Log'!$E:$E,B70) -> 2
A71: =IF(tblCompanies[[#This Row],[Company Name]]<>0,ROW()-1,"") -> 70 | B71: סיוה טכנולוגיות, בע"מ | D71: יפעת | E71: http://www.ceva-dsp.com | F71: Lead | H71: Semiconductors | I71: חברת IP לשבבים המפתחת טכנולוגיות לקישוריות אלחוטית, חישה ו-Edge AI. | J71: =IFERROR(LOOKUP(2,1/('Outreach Log'!$E$2:$E$9998=B71),'Outreach Log'!$B$2:$B$9998),"") -> 46093 | K71: =COUNTIF('Outreach Log'!$E:$E,B71) -> 3
A72: =IF(tblCompanies[[#This Row],[Company Name]]<>0,ROW()-1,"") -> 71 | B72: סייברארק תוכנה בע"מ | D72: יפעת | E72: http://www.cyberark.com | F72: Lead | H72: Cybersecurity | I72: מובילה עולמית באבטחת זהויות, הרשאות וגישה מועדפת בארגונים. | J72: =IFERROR(LOOKUP(2,1/('Outreach Log'!$E$2:$E$9998=B72),'Outreach Log'!$B$2:$B$9998),"") -> 46093 | K72: =COUNTIF('Outreach Log'!$E:$E,B72) -> 3
A73: =IF(tblCompanies[[#This Row],[Company Name]]<>0,ROW()-1,"") -> 72 | B73: סינרג'י 7 בע"מ | D73: יפעת | E73: synergy7.org.il | F73: Lead | H73: General Tech | I73: מיזם חדשנות אזורי המקדם יזמות, תעסוקה והייטק בפריפריה. | J73: =IFERROR(LOOKUP(2,1/('Outreach Log'!$E$2:$E$9998=B73),'Outreach Log'!$B$2:$B$9998),"") | K73: =COUNTIF('Outreach Log'!$E:$E,B73) -> 0
A74: =IF(tblCompanies[[#This Row],[Company Name]]<>0,ROW()-1,"") -> 73 | B74: סלקום ישראל בע"מ | D74: יפעת | E74: https://cellcom.co.il/ | F74: Lead | H74: Communications | I74: אחת מחברות התקשורת הגדולות בישראל, המספקת סלולר, אינטרנט ופתרונות עסקיים. | J74: =IFERROR(LOOKUP(2,1/('Outreach Log'!$E$2:$E$9998=B74),'Outreach Log'!$B$2:$B$9998),"") -> 46093 | K74: =COUNTIF('Outreach Log'!$E:$E,B74) -> 3
A75: =IF(tblCompanies[[#This Row],[Company Name]]<>0,ROW()-1,"") -> 74 | B75: סנסוייל אינוביישנס בע"מ | D75: יפעת | E75: http://www.sensoils.com | F75: Lead | H75: General Tech | I75: מפתחת מערכות ניטור בזמן אמת לזרימת מים ומזהמים בקרקע ולשמירה על מי תהום. | J75: =IFERROR(LOOKUP(2,1/('Outreach Log'!$E$2:$E$9998=B75),'Outreach Log'!$B$2:$B$9998),"") -> 46093 | K75: =COUNTIF('Outreach Log'!$E:$E,B75) -> 2
A76: =IF(tblCompanies[[#This Row],[Company Name]]<>0,ROW()-1,"") -> 75 | B76: ספארקס פודטק טכנולוגיות מזון | D76: רשהח"ד 3.26 | E76: http://fresh-start.co.il | F76: Lead | H76: AgriTech | I76: חדשנות טכנולוגיית מזון וחקלאות. | J76: =IFERROR(LOOKUP(2,1/('Outreach Log'!$E$2:$E$9998=B76),'Outreach Log'!$B$2:$B$9998),"") -> 46093 | K76: =COUNTIF('Outreach Log'!$E:$E,B76) -> 2
A77: =IF(tblCompanies[[#This Row],[Company Name]]<>0,ROW()-1,"") -> 76 | B77: סקאנמסטר סיסטמס (אי אר טי) בע"מ | D77: יפעת | E77: http://www.scanmaster-irt.com | F77: Lead | H77: Industrial Tech | I77: מפתחת מערכות בדיקה אולטרסוניות מתקדמות לבקרת איכות תעשייתית. | J77: =IFERROR(LOOKUP(2,1/('Outreach Log'!$E$2:$E$9998=B77),'Outreach Log'!$B$2:$B$9998),"") -> 46093 | K77: =COUNTIF('Outreach Log'!$E:$E,B77) -> 4
A78: =IF(tblCompanies[[#This Row],[Company Name]]<>0,ROW()-1,"") -> 77 | B78: סרגון נטוורקס בע"מ | D78: יפעת | E78: http://www.ceragon.com | F78: Lead | H78: Communications | I78: ספקית פתרונות קישוריות אלחוטית מקצה לקצה לרשתות תקשורת ולתשתיות קריטיות. | J78: =IFERROR(LOOKUP(2,1/('Outreach Log'!$E$2:$E$9998=B78),'Outreach Log'!$B$2:$B$9998),"") -> 46093 | K78: =COUNTIF('Outreach Log'!$E:$E,B78) -> 3
A79: =IF(tblCompanies[[#This Row],[Company Name]]<>0,ROW()-1,"") -> 78 | B79: עזריאלי מכללה אקדמית להנדסה ירושלים | D79: יפעת | E79: http://www.jce.ac.il | F79: Lead | H79: Academia | I79: מוסד אקדמי ירושלמי להכשרת מהנדסים ולקידום חדשנות יישומית. | J79: =IFERROR(LOOKUP(2,1/('Outreach Log'!$E$2:$E$9998=B79),'Outreach Log'!$B$2:$B$9998),"") -> 46093 | K79: =COUNTIF('Outreach Log'!$E:$E,B79) -> 1
A80: =IF(tblCompanies[[#This Row],[Company Name]]<>0,ROW()-1,"") -> 79 | B80: עמית דברי מאפה קפואים (2003) בע"מ | D80: יפעת | E80: amit-pastry.com | F80: Lead | H80: Industrial Tech | I80: יצרנית ומשווקת מאפים, לחמים ומוצרי אפייה קפואים לשוק המקומי והבינלאומי. | J80: =IFERROR(LOOKUP(2,1/('Outreach Log'!$E$2:$E$9998=B80),'Outreach Log'!$B$2:$B$9998),"") -> 46093 | K80: =COUNTIF('Outreach Log'!$E:$E,B80) -> 3
A81: =IF(tblCompanies[[#This Row],[Company Name]]<>0,ROW()-1,"") -> 80 | B81: עתידים חברה לתעשיות עתירות מדע בע"מ (סיטיזון) | D81: יפעת | E81: https://city-zone.co | F81: Lead | G81: מסלול אתרי הרצה – קרן תשתיות המו"פ | H81: General Tech | I81: סיטיזון היא מעבדה חיה לחדשנות עירונית, שהוקמה ב-2018 כיוזמה של עיריית תל אביב, אוניברסיטת תל אביב ופארק עתידים. המעבדה מאפשרת לסטארטאפים לפתח ולבחון פתרונות עירוניים בתנאים אמיתיים. | J81: =IFERROR(LOOKUP(2,1/('Outreach Log'!$E$2:$E$9998=B81),'Outreach Log'!$B$2:$B$9998),"") -> 46126 | K81: =COUNTIF('Outreach Log'!$E:$E,B81) -> 4
A82: =IF(tblCompanies[[#This Row],[Company Name]]<>0,ROW()-1,"") -> 81 | B82: פארק קאסם היי-טק בע"מ | D82: יפעת | E82: ibtikar-bc.com | F82: Lead | H82: General Tech | I82: מרכז חדשנות ותעסוקה טכנולוגית המקדֵם יזמות, הכשרות וחיבורים לחברה הערבית. | J82: =IFERROR(LOOKUP(2,1/('Outreach Log'!$E$2:$E$9998=B82),'Outreach Log'!$B$2:$B$9998),"") -> 46093 | K82: =COUNTIF('Outreach Log'!$E:$E,B82) -> 1
A83: =IF(tblCompanies[[#This Row],[Company Name]]<>0,ROW()-1,"") -> 82 | B83: פיזיקל לוגיק בע"מ | D83: יפעת | E83: http://www.physical-logic.com | F83: Lead | H83: General Tech | I83: מפתחת ומייצרת חיישני MEMS ואקסלרומטרים מדויקים לניווט ויישומים מתקדמים. | J83: =IFERROR(LOOKUP(2,1/('Outreach Log'!$E$2:$E$9998=B83),'Outreach Log'!$B$2:$B$9998),"") -> 46093 | K83: =COUNTIF('Outreach Log'!$E:$E,B83) -> 1
A84: =IF(tblCompanies[[#This Row],[Company Name]]<>0,ROW()-1,"") -> 83 | B84: פלסקולייט ישראל בע"מ | D84: יפעת | E84: http://www.plazit-polygal.com | F84: Lead | H84: Industrial Tech | I84: יצרנית גלובלית של לוחות תרמופלסטיים ופתרונות פולימריים לתעשייה ולבנייה. | J84: =IFERROR(LOOKUP(2,1/('Outreach Log'!$E$2:$E$9998=B84),'Outreach Log'!$B$2:$B$9998),"") -> 46093 | K84: =COUNTIF('Outreach Log'!$E:$E,B84) -> 1
A85: =IF(tblCompanies[[#This Row],[Company Name]]<>0,ROW()-1,"") -> 84 | B85: פס-גון (1996) בע"מ | D85: יפעת | E85: pas-gon.com | F85: Lead | H85: Industrial Tech | I85: יצרנית מוצרי פיברגלס וחומרים מרוכבים לתעשייה, תשתיות, רפואה וביטחון. | J85: =IFERROR(LOOKUP(2,1/('Outreach Log'!$E$2:$E$9998=B85),'Outreach Log'!$B$2:$B$9998),"") -> 46093 | K85: =COUNTIF('Outreach Log'!$E:$E,B85) -> 1
A86: =IF(tblCompanies[[#This Row],[Company Name]]<>0,ROW()-1,"") -> 85 | B86: פרופלור דרונס בע״מ | D86: יפעת | E86: http://www.propeller-drones.com | F86: Lead | G86: תמיכה בביצוע פיילוטים (מסלול הטבה מס' 1) | H86: Robotics | I86: רופלור דרונס מפעילה את AutoDrone – מערך רחפנים אוטונומיים למגוון יישומים ביטחוניים, אזרחיים ותעשייתיים, בשיתוף FlightOps ו־Airwayz, עם פתרון מלא משליטה ובקרה ועד הפעלה רציפה ובטוחה. | J86: =IFERROR(LOOKUP(2,1/('Outreach Log'!$E$2:$E$9998=B86),'Outreach Log'!$B$2:$B$9998),"") -> 46126 | K86: =COUNTIF('Outreach Log'!$E:$E,B86) -> 2
A87: =IF(tblCompanies[[#This Row],[Company Name]]<>0,ROW()-1,"") -> 86 | B87: פרלאל וויירליס ישראל בע"מ | D87: יפעת | E87: https://www.parallelwireless.com | F87: Lead | G87: מסלול מאגדי מחקר יישומי- קרן המחקר היישומי | H87: Communications | I87: Parallel Wireless היא המובילה המוכרת ב-Open Radio Access Network (Open RAN), תקן טלקומוניקציה הצומח במהירות ומעצב מחדש את תעשיית ה-RAN הסלולרית (Radio Access Network) לעבר רשתות סלולריות חכמות יותר, פתוחות, וירטואליות וניתנות להפעלה פתוחה יותר, | J87: =IFERROR(LOOKUP(2,1/('Outreach Log'!$E$2:$E$9998=B87),'Outreach Log'!$B$2:$B$9998),"") -> 46093 | K87: =COUNTIF('Outreach Log'!$E:$E,B87) -> 2
A88: =IF(tblCompanies[[#This Row],[Company Name]]<>0,ROW()-1,"") -> 87 | B88: פרספטו רובוטיקס בע"מ. | D88: יפעת | E88: http://www.percepto.co/ | F88: Lead | G88: הגברת השתתפות תאגידים תעשייתיים ישראליים בתכנית המסגרת האירופאית | H88: Robotics | I88: פתרון קצה לקצה לניתור תשתיות על ידי רחפנים אוטונומיים שסורקים את התשתיות ומתריעים על ליקויים בזמן אמת | J88: =IFERROR(LOOKUP(2,1/('Outreach Log'!$E$2:$E$9998=B88),'Outreach Log'!$B$2:$B$9998),"") -> 46093 | K88: =COUNTIF('Outreach Log'!$E:$E,B88) -> 3
A89: =IF(tblCompanies[[#This Row],[Company Name]]<>0,ROW()-1,"") -> 88 | B89: צפונטק הגליל בע"מ | D89: יפעת | E89: https://nortech-platform.com/ | F89: Lead | H89: General Tech | I89: פלטפורמת ההייטק של צפון ישראל המחברת טאלנט, חברות, משרות ואתרי פיילוט. | J89: =IFERROR(LOOKUP(2,1/('Outreach Log'!$E$2:$E$9998=B89),'Outreach Log'!$B$2:$B$9998),"") -> 46093 | K89: =COUNTIF('Outreach Log'!$E:$E,B89) -> 3
A90: =IF(tblCompanies[[#This Row],[Company Name]]<>0,ROW()-1,"") -> 89 | B90: קורנית דיגיטל בע"מ | D90: יפעת | E90: https://www.kornit.com/ | F90: Lead | H90: General Tech | I90: מובילה עולמית בפתרונות הדפסה דיגיטלית בת-קיימא לטקסטיל ואופנה לפי דרישה. | J90: =IFERROR(LOOKUP(2,1/('Outreach Log'!$E$2:$E$9998=B90),'Outreach Log'!$B$2:$B$9998),"") -> 46093 | K90: =COUNTIF('Outreach Log'!$E:$E,B90) -> 2
A91: =IF(tblCompanies[[#This Row],[Company Name]]<>0,ROW()-1,"") -> 90 | B91: קיו. אמ. טקנולוג'יז בע"מ | D91: יפעת | E91: http://quantum-machines.co | F91: Lead | H91: Software | I91: חברת קוונטום המפתחת מערכות בקרה ותוכנה למחשוב קוונטי. | J91: =IFERROR(LOOKUP(2,1/('Outreach Log'!$E$2:$E$9998=B91),'Outreach Log'!$B$2:$B$9998),"") -> 46093 | K91: =COUNTIF('Outreach Log'!$E:$E,B91) -> 3
A92: =IF(tblCompanies[[#This Row],[Company Name]]<>0,ROW()-1,"") -> 91 | B92: קלא - טנכור קורפוריישן (ישראל) | D92: יפעת | E92: http://www.kla-tencor.com | F92: Lead | H92: Semiconductors | I92: ספקית גלובלית של ציוד ובקרת תהליכים לתעשיית השבבים והאלקטרוניקה. | J92: =IFERROR(LOOKUP(2,1/('Outreach Log'!$E$2:$E$9998=B92),'Outreach Log'!$B$2:$B$9998),"") -> 46093 | K92: =COUNTIF('Outreach Log'!$E:$E,B92) -> 6
A93: =IF(tblCompanies[[#This Row],[Company Name]]<>0,ROW()-1,"") -> 92 | B93: קלאסיק טכנולוגיות בע״מ | D93: יפעת | E93: https://www.classiq.io/ | F93: Lead | H93: Software | I93: חברת תוכנה קוונטית המאפשרת תכנון, אופטימיזציה והרצה של אלגוריתמים קוונטיים. | J93: =IFERROR(LOOKUP(2,1/('Outreach Log'!$E$2:$E$9998=B93),'Outreach Log'!$B$2:$B$9998),"") -> 46093 | K93: =COUNTIF('Outreach Log'!$E:$E,B93) -> 2
A94: =IF(tblCompanies[[#This Row],[Company Name]]<>0,ROW()-1,"") -> 93 | B94: רדקום בע"מ | D94: יפעת | E94: http://www.radcom.com | F94: Lead | H94: AI, Communications | I94: ספקית פתרונות AI-native לאבטחת איכות, אנליטיקה ואוטומציה ברשתות 5G. | J94: =IFERROR(LOOKUP(2,1/('Outreach Log'!$E$2:$E$9998=B94),'Outreach Log'!$B$2:$B$9998),"") -> 46093 | K94: =COUNTIF('Outreach Log'!$E:$E,B94) -> 2
A95: =IF(tblCompanies[[#This Row],[Company Name]]<>0,ROW()-1,"") -> 94 | B95: רייקול גבישים בע"מ | D95: יפעת | E95: http://www.raicol.com | F95: Lead | H95: Optics | I95: יצרנית גבישים אופטיים ורכיבים אלקטרו-אופטיים למערכות לייזר ופוטוניקה. | J95: =IFERROR(LOOKUP(2,1/('Outreach Log'!$E$2:$E$9998=B95),'Outreach Log'!$B$2:$B$9998),"") -> 46093 | K95: =COUNTIF('Outreach Log'!$E:$E,B95) -> 3
A96: =IF(tblCompanies[[#This Row],[Company Name]]<>0,ROW()-1,"") -> 95 | B96: רפאל מערכות לחימה מתקדמות בע"מ | D96: יפעת | E96: http://urisha@rafael.co.il | F96: Lead | H96: HLS | I96: חברה ביטחונית מובילה המפתחת מערכות הגנה וטכנולוגיות מתקדמות לשוק הביטחוני. | J96: =IFERROR(LOOKUP(2,1/('Outreach Log'!$E$2:$E$9998=B96),'Outreach Log'!$B$2:$B$9998),"") -> 46093 | K96: =COUNTIF('Outreach Log'!$E:$E,B96) -> 2
A97: =IF(tblCompanies[[#This Row],[Company Name]]<>0,ROW()-1,"") -> 96 | B97: שחר תשלובות בע"מ | D97: יפעת | E97: http://www.shachar.biz | F97: Lead | H97: General Tech | I97: קבוצה טכנולוגית ההופכת פסולת למשאב באמצעות פתרונות Waste-to-Feed ומערכות סביבתיות. | J97: =IFERROR(LOOKUP(2,1/('Outreach Log'!$E$2:$E$9998=B97),'Outreach Log'!$B$2:$B$9998),"") -> 46093 | K97: =COUNTIF('Outreach Log'!$E:$E,B97) -> 1
A98: =IF(tblCompanies[[#This Row],[Company Name]]<>0,ROW()-1,"") -> 97 | B98: תבור אלקטרוניקס בע"מ | D98: יפעת | E98: http://www.taborelec.com | F98: Lead | G98: מסלול מופ"ת | H98: Industrial Tech | I98: חברת תבור מפתחת ומייצרת מערכות RF, טרנסיברים (קליטה-עיבוד-שידור) ומערכות אנלוגיות כבר למעלה מחמישה עשורים. המערכות מובילות בתחום ייצור ודגימת סיגנלים, ונמכרות בכל העולם לחברות מובילות בתחומי התקשורת האזרחית והצבאית, חישה,מחשוב קוונטי ומוליכים למחצה. | J98: =IFERROR(LOOKUP(2,1/('Outreach Log'!$E$2:$E$9998=B98),'Outreach Log'!$B$2:$B$9998),"") -> 46093 | K98: =COUNTIF('Outreach Log'!$E:$E,B98) -> 3
A99: =IF(tblCompanies[[#This Row],[Company Name]]<>0,ROW()-1,"") -> 98 | B99: תמה גרופ | D99: יפעת | E99: http://www.tama.co.il/ | F99: Lead | H99: AgriTech | I99: מובילה עולמית בפתרונות אריזה ועטיפה לחקלאות ולחבילות קש. | J99: =IFERROR(LOOKUP(2,1/('Outreach Log'!$E$2:$E$9998=B99),'Outreach Log'!$B$2:$B$9998),"") -> 46093 | K99: =COUNTIF('Outreach Log'!$E:$E,B99) -> 1
A100: =IF(tblCompanies[[#This Row],[Company Name]]<>0,ROW()-1,"") -> 99 | B100: תמי-מכון לפיתוח בע"מ | C100: Growth/Large Company | D100: רשהח"ד 2025 | E100: https://www.tami-imi.com | F100: Lead | G100: מסלול מאגדי מחקר יישומי- קרן המחקר היישומי | H100: Industrial Tech | I100: תמי מצוידת בתשתיות מתקדמות וכוח אדם מקצועי, כולל מעבדות מו"פ, אנליטיקה, קורוזיה, מיקרוביולוגיה, מזון, מים ושפכים, לצד מתקני פיילוט. שילוב זה מאפשר פיתוח תהליכים ותוצרים משלב הרעיון ועד ליישום תעשייתי. | J100: =IFERROR(LOOKUP(2,1/('Outreach Log'!$E$2:$E$9998=B100),'Outreach Log'!$B$2:$B$9998),"") -> 46093 | K100: =COUNTIF('Outreach Log'!$E:$E,B100) -> 1
...

Sheet Contacts
A1: # | B1: First Name | C1: Last Name | D1: Title / Role | E1: Company | F1: Email | G1: Phone | H1: Type | I1: Source | J1: Notes | K1: Last Interaction | L1: Last Type | M1: → Interaction | N1: → Company
A2: =IF(tblContacts[[#This Row],[First Name]]<>0,ROW()-1,"") -> 1 | B2: אדם | C2: לב | E2: מקורות | F2: 1adamleb@gmail.com | H2: Lead | I2: Webinars 2.26 | K2: {=IFERROR(LOOKUP(2,1/('Outreach Log'!$C$2:$C$9998=F2),'Outreach Log'!$B$2:$B$9998),"")} -> 46126 | L2: =IFERROR(INDEX('Outreach Log'!$F:$F,MATCH(TEXT(K2,"YYYY-MM-DD")&F2,'Outreach Log'!$L:$L,0)),"") -> Email | M2: =IFERROR(HYPERLINK("#'Outreach Log'!A"&MATCH(TEXT(K2,"YYYY-MM-DD")&F2,'Outreach Log'!$L:$L,0),"→ View"),"—") -> → View | N2: =IFERROR(HYPERLINK("#Companies!A"&MATCH(E2,Companies!$B:$B,0),"→ View"),"—") -> → View
A3: =IF(tblContacts[[#This Row],[First Name]]<>0,ROW()-1,"") -> 2 | B3: עדי | C3: גולדמן | E3: ביוטיק סירקולר טכנולוגיות בע"מ | F3: adi@biotic-labs.com | H3: Lead | I3: רשהח"ד 2025 | K3: {=IFERROR(LOOKUP(2,1/('Outreach Log'!$C$2:$C$9998=F3),'Outreach Log'!$B$2:$B$9998),"")} | L3: =IFERROR(INDEX('Outreach Log'!$F:$F,MATCH(TEXT(K3,"YYYY-MM-DD")&F3,'Outreach Log'!$L:$L,0)),"") | M3: =IFERROR(HYPERLINK("#'Outreach Log'!A"&MATCH(TEXT(K3,"YYYY-MM-DD")&F3,'Outreach Log'!$L:$L,0),"→ View"),"—") -> — | N3: =IFERROR(HYPERLINK("#Companies!A"&MATCH(E3,Companies!$B:$B,0),"→ View"),"—") -> → View
A4: =IF(tblContacts[[#This Row],[First Name]]<>0,ROW()-1,"") -> 3 | B4: עדי | C4: פנחס | E4: קלארו איי איי בע"מ | F4: adi@claroai.com | H4: Lead | I4: רשהח"ד 2025 | K4: {=IFERROR(LOOKUP(2,1/('Outreach Log'!$C$2:$C$9998=F4),'Outreach Log'!$B$2:$B$9998),"")} | L4: =IFERROR(INDEX('Outreach Log'!$F:$F,MATCH(TEXT(K4,"YYYY-MM-DD")&F4,'Outreach Log'!$L:$L,0)),"") | M4: =IFERROR(HYPERLINK("#'Outreach Log'!A"&MATCH(TEXT(K4,"YYYY-MM-DD")&F4,'Outreach Log'!$L:$L,0),"→ View"),"—") -> — | N4: =IFERROR(HYPERLINK("#Companies!A"&MATCH(E4,Companies!$B:$B,0),"→ View"),"—") -> → View
A5: =IF(tblContacts[[#This Row],[First Name]]<>0,ROW()-1,"") -> 4 | B5: עדי | C5: כוסטה | E5: קופיילוט אמ.די בע"מ | F5: adi@copilotmd.ai | H5: Lead | I5: רשהח"ד 2025 | K5: {=IFERROR(LOOKUP(2,1/('Outreach Log'!$C$2:$C$9998=F5),'Outreach Log'!$B$2:$B$9998),"")} -> 46126 | L5: =IFERROR(INDEX('Outreach Log'!$F:$F,MATCH(TEXT(K5,"YYYY-MM-DD")&F5,'Outreach Log'!$L:$L,0)),"") -> Email | M5: =IFERROR(HYPERLINK("#'Outreach Log'!A"&MATCH(TEXT(K5,"YYYY-MM-DD")&F5,'Outreach Log'!$L:$L,0),"→ View"),"—") -> → View | N5: =IFERROR(HYPERLINK("#Companies!A"&MATCH(E5,Companies!$B:$B,0),"→ View"),"—") -> → View
A6: =IF(tblContacts[[#This Row],[First Name]]<>0,ROW()-1,"") -> 5 | B6: עדי | C6: זייפרט | E6: למו טק בע"מ | F6: adi@drinklamu.com | H6: Lead | I6: רשהח"ד 2025 | K6: {=IFERROR(LOOKUP(2,1/('Outreach Log'!$C$2:$C$9998=F6),'Outreach Log'!$B$2:$B$9998),"")} | L6: =IFERROR(INDEX('Outreach Log'!$F:$F,MATCH(TEXT(K6,"YYYY-MM-DD")&F6,'Outreach Log'!$L:$L,0)),"") | M6: =IFERROR(HYPERLINK("#'Outreach Log'!A"&MATCH(TEXT(K6,"YYYY-MM-DD")&F6,'Outreach Log'!$L:$L,0),"→ View"),"—") -> — | N6: =IFERROR(HYPERLINK("#Companies!A"&MATCH(E6,Companies!$B:$B,0),"→ View"),"—") -> → View
A7: =IF(tblContacts[[#This Row],[First Name]]<>0,ROW()-1,"") -> 6 | B7: עדי | C7: נתן | E7: מושן אנליטיקס בע"מ | F7: adi@motionanalytics.io | H7: Lead | I7: רשהח"ד 2025 | K7: {=IFERROR(LOOKUP(2,1/('Outreach Log'!$C$2:$C$9998=F7),'Outreach Log'!$B$2:$B$9998),"")} -> 46126 | L7: =IFERROR(INDEX('Outreach Log'!$F:$F,MATCH(TEXT(K7,"YYYY-MM-DD")&F7,'Outreach Log'!$L:$L,0)),"") -> Email | M7: =IFERROR(HYPERLINK("#'Outreach Log'!A"&MATCH(TEXT(K7,"YYYY-MM-DD")&F7,'Outreach Log'!$L:$L,0),"→ View"),"—") -> → View | N7: =IFERROR(HYPERLINK("#Companies!A"&MATCH(E7,Companies!$B:$B,0),"→ View"),"—") -> → View
A8: =IF(tblContacts[[#This Row],[First Name]]<>0,ROW()-1,"") -> 7 | B8: עדי | C8: שלו | D8: COO | E8: Noyad | F8: adi@noyad.co.il | H8: Lead | I8: Webinars 2.26 | K8: {=IFERROR(LOOKUP(2,1/('Outreach Log'!$C$2:$C$9998=F8),'Outreach Log'!$B$2:$B$9998),"")} | L8: =IFERROR(INDEX('Outreach Log'!$F:$F,MATCH(TEXT(K8,"YYYY-MM-DD")&F8,'Outreach Log'!$L:$L,0)),"") | M8: =IFERROR(HYPERLINK("#'Outreach Log'!A"&MATCH(TEXT(K8,"YYYY-MM-DD")&F8,'Outreach Log'!$L:$L,0),"→ View"),"—") -> — | N8: =IFERROR(HYPERLINK("#Companies!A"&MATCH(E8,Companies!$B:$B,0),"→ View"),"—") -> → View
A9: =IF(tblContacts[[#This Row],[First Name]]<>0,ROW()-1,"") -> 8 | B9: אהדאב | C9: סרחאן | E9: ג'ין סטייל א.איי בע"מ | F9: ahdab@vstylr.ai | H9: Lead | I9: רשהח"ד 2025 | K9: {=IFERROR(LOOKUP(2,1/('Outreach Log'!$C$2:$C$9998=F9),'Outreach Log'!$B$2:$B$9998),"")} | L9: =IFERROR(INDEX('Outreach Log'!$F:$F,MATCH(TEXT(K9,"YYYY-MM-DD")&F9,'Outreach Log'!$L:$L,0)),"") | M9: =IFERROR(HYPERLINK("#'Outreach Log'!A"&MATCH(TEXT(K9,"YYYY-MM-DD")&F9,'Outreach Log'!$L:$L,0),"→ View"),"—") -> — | N9: =IFERROR(HYPERLINK("#Companies!A"&MATCH(E9,Companies!$B:$B,0),"→ View"),"—") -> → View
A10: =IF(tblContacts[[#This Row],[First Name]]<>0,ROW()-1,"") -> 9 | B10: עמיחי | C10: חיים גרוס | E10: Marine Edge | F10: ahg@marine-edge.com | H10: Lead | I10: רשהח"ד 2025 | K10: {=IFERROR(LOOKUP(2,1/('Outreach Log'!$C$2:$C$9998=F10),'Outreach Log'!$B$2:$B$9998),"")} -> 46126 | L10: =IFERROR(INDEX('Outreach Log'!$F:$F,MATCH(TEXT(K10,"YYYY-MM-DD")&F10,'Outreach Log'!$L:$L,0)),"") -> Email | M10: =IFERROR(HYPERLINK("#'Outreach Log'!A"&MATCH(TEXT(K10,"YYYY-MM-DD")&F10,'Outreach Log'!$L:$L,0),"→ View"),"—") -> → View | N10: =IFERROR(HYPERLINK("#Companies!A"&MATCH(E10,Companies!$B:$B,0),"→ View"),"—") -> → View
A11: =IF(tblContacts[[#This Row],[First Name]]<>0,ROW()-1,"") -> 10 | B11: אימן | C11: סיף | E11: מרכז החדשנות נורת' מד בע"מ | F11: aiman.saif@portlandtrust.org.il | H11: Lead | I11: רשהח"ד 2025 | K11: {=IFERROR(LOOKUP(2,1/('Outreach Log'!$C$2:$C$9998=F11),'Outreach Log'!$B$2:$B$9998),"")} -> 46126 | L11: =IFERROR(INDEX('Outreach Log'!$F:$F,MATCH(TEXT(K11,"YYYY-MM-DD")&F11,'Outreach Log'!$L:$L,0)),"") -> Email | M11: =IFERROR(HYPERLINK("#'Outreach Log'!A"&MATCH(TEXT(K11,"YYYY-MM-DD")&F11,'Outreach Log'!$L:$L,0),"→ View"),"—") -> → View | N11: =IFERROR(HYPERLINK("#Companies!A"&MATCH(E11,Companies!$B:$B,0),"→ View"),"—") -> → View
A12: =IF(tblContacts[[#This Row],[First Name]]<>0,ROW()-1,"") -> 11 | B12: אלכסיי | C12: דומשלק | E12: טרטדש בע"ם Threatdash LTD | F12: alex.domshlak@threatdash.com | H12: Lead | I12: רשהח"ד 2025 | K12: {=IFERROR(LOOKUP(2,1/('Outreach Log'!$C$2:$C$9998=F12),'Outreach Log'!$B$2:$B$9998),"")} | L12: =IFERROR(INDEX('Outreach Log'!$F:$F,MATCH(TEXT(K12,"YYYY-MM-DD")&F12,'Outreach Log'!$L:$L,0)),"") | M12: =IFERROR(HYPERLINK("#'Outreach Log'!A"&MATCH(TEXT(K12,"YYYY-MM-DD")&F12,'Outreach Log'!$L:$L,0),"→ View"),"—") -> — | N12: =IFERROR(HYPERLINK("#Companies!A"&MATCH(E12,Companies!$B:$B,0),"→ View"),"—") -> → View
A13: =IF(tblContacts[[#This Row],[First Name]]<>0,ROW()-1,"") -> 12 | B13: אלכסנדר | C13: וקסלר | E13: גרינגיין אנרג'י בע"מ | F13: alexveksler19@gmail.com | H13: Lead | I13: רשהח"ד 2025 | K13: {=IFERROR(LOOKUP(2,1/('Outreach Log'!$C$2:$C$9998=F13),'Outreach Log'!$B$2:$B$9998),"")} -> 46126 | L13: =IFERROR(INDEX('Outreach Log'!$F:$F,MATCH(TEXT(K13,"YYYY-MM-DD")&F13,'Outreach Log'!$L:$L,0)),"") -> Email | M13: =IFERROR(HYPERLINK("#'Outreach Log'!A"&MATCH(TEXT(K13,"YYYY-MM-DD")&F13,'Outreach Log'!$L:$L,0),"→ View"),"—") -> → View | N13: =IFERROR(HYPERLINK("#Companies!A"&MATCH(E13,Companies!$B:$B,0),"→ View"),"—") -> → View
A14: =IF(tblContacts[[#This Row],[First Name]]<>0,ROW()-1,"") -> 13 | B14: אלון | C14: מעוז | D14: CEO | E14: Twine | F14: allon.maoz27@gmail.com | H14: Lead | I14: Webinars 2.26 | K14: {=IFERROR(LOOKUP(2,1/('Outreach Log'!$C$2:$C$9998=F14),'Outreach Log'!$B$2:$B$9998),"")} | L14: =IFERROR(INDEX('Outreach Log'!$F:$F,MATCH(TEXT(K14,"YYYY-MM-DD")&F14,'Outreach Log'!$L:$L,0)),"") | M14: =IFERROR(HYPERLINK("#'Outreach Log'!A"&MATCH(TEXT(K14,"YYYY-MM-DD")&F14,'Outreach Log'!$L:$L,0),"→ View"),"—") -> — | N14: =IFERROR(HYPERLINK("#Companies!A"&MATCH(E14,Companies!$B:$B,0),"→ View"),"—") -> → View
A15: =IF(tblContacts[[#This Row],[First Name]]<>0,ROW()-1,"") -> 14 | B15: אלון | C15: מעוז | E15: טווין פתרונות בע"מ | F15: allon@twine-s.com | H15: Lead | I15: רשהח"ד 2025 | K15: {=IFERROR(LOOKUP(2,1/('Outreach Log'!$C$2:$C$9998=F15),'Outreach Log'!$B$2:$B$9998),"")} | L15: =IFERROR(INDEX('Outreach Log'!$F:$F,MATCH(TEXT(K15,"YYYY-MM-DD")&F15,'Outreach Log'!$L:$L,0)),"") | M15: =IFERROR(HYPERLINK("#'Outreach Log'!A"&MATCH(TEXT(K15,"YYYY-MM-DD")&F15,'Outreach Log'!$L:$L,0),"→ View"),"—") -> — | N15: =IFERROR(HYPERLINK("#Companies!A"&MATCH(E15,Companies!$B:$B,0),"→ View"),"—") -> → View
A16: =IF(tblContacts[[#This Row],[First Name]]<>0,ROW()-1,"") -> 15 | B16: אלון | C16: ניצן | E16: ה.י. ניאו-ריי לאבס בע"מ | F16: alon@neuray.ai | H16: Lead | I16: רשהח"ד 2025 | K16: {=IFERROR(LOOKUP(2,1/('Outreach Log'!$C$2:$C$9998=F16),'Outreach Log'!$B$2:$B$9998),"")} -> 46126 | L16: =IFERROR(INDEX('Outreach Log'!$F:$F,MATCH(TEXT(K16,"YYYY-MM-DD")&F16,'Outreach Log'!$L:$L,0)),"") -> Email | M16: =IFERROR(HYPERLINK("#'Outreach Log'!A"&MATCH(TEXT(K16,"YYYY-MM-DD")&F16,'Outreach Log'!$L:$L,0),"→ View"),"—") -> → View | N16: =IFERROR(HYPERLINK("#Companies!A"&MATCH(E16,Companies!$B:$B,0),"→ View"),"—") -> → View
A17: =IF(tblContacts[[#This Row],[First Name]]<>0,ROW()-1,"") -> 16 | B17: אלון | C17: כהן | E17: קוואמקור בע"מ | F17: alon@quamcore.com | H17: Lead | I17: רשהח"ד 2025 | K17: {=IFERROR(LOOKUP(2,1/('Outreach Log'!$C$2:$C$9998=F17),'Outreach Log'!$B$2:$B$9998),"")} | L17: =IFERROR(INDEX('Outreach Log'!$F:$F,MATCH(TEXT(K17,"YYYY-MM-DD")&F17,'Outreach Log'!$L:$L,0)),"") | M17: =IFERROR(HYPERLINK("#'Outreach Log'!A"&MATCH(TEXT(K17,"YYYY-MM-DD")&F17,'Outreach Log'!$L:$L,0),"→ View"),"—") -> — | N17: =IFERROR(HYPERLINK("#Companies!A"&MATCH(E17,Companies!$B:$B,0),"→ View"),"—") -> → View
A18: =IF(tblContacts[[#This Row],[First Name]]<>0,ROW()-1,"") -> 17 | B18: אלון | C18: מטריקין | E18: סקינקובטור נאוקר | F18: alon@skincubator-neocare.com | H18: Lead | I18: רשהח"ד 2025 | K18: {=IFERROR(LOOKUP(2,1/('Outreach Log'!$C$2:$C$9998=F18),'Outreach Log'!$B$2:$B$9998),"")} | L18: =IFERROR(INDEX('Outreach Log'!$F:$F,MATCH(TEXT(K18,"YYYY-MM-DD")&F18,'Outreach Log'!$L:$L,0)),"") | M18: =IFERROR(HYPERLINK("#'Outreach Log'!A"&MATCH(TEXT(K18,"YYYY-MM-DD")&F18,'Outreach Log'!$L:$L,0),"→ View"),"—") -> — | N18: =IFERROR(HYPERLINK("#Companies!A"&MATCH(E18,Companies!$B:$B,0),"→ View"),"—") -> → View
A19: =IF(tblContacts[[#This Row],[First Name]]<>0,ROW()-1,"") -> 18 | B19: אמיר | C19: הורוביץ | E19: אי אס איי אל טכנולוגיות, שותפות מוגבלת | F19: amir.h@esil.co.il | H19: Lead | I19: רשהח"ד 2025 | K19: {=IFERROR(LOOKUP(2,1/('Outreach Log'!$C$2:$C$9998=F19),'Outreach Log'!$B$2:$B$9998),"")} -> 46126 | L19: =IFERROR(INDEX('Outreach Log'!$F:$F,MATCH(TEXT(K19,"YYYY-MM-DD")&F19,'Outreach Log'!$L:$L,0)),"") -> Email | M19: =IFERROR(HYPERLINK("#'Outreach Log'!A"&MATCH(TEXT(K19,"YYYY-MM-DD")&F19,'Outreach Log'!$L:$L,0),"→ View"),"—") -> → View | N19: =IFERROR(HYPERLINK("#Companies!A"&MATCH(E19,Companies!$B:$B,0),"→ View"),"—") -> → View
A20: =IF(tblContacts[[#This Row],[First Name]]<>0,ROW()-1,"") -> 19 | B20: אמיר | C20: רייכמן | E20: סאינאי אימונותרפאוטיקה בע"מ | F20: amir.reichman@scinai.com | H20: Lead | I20: רשהח"ד 2025 | K20: {=IFERROR(LOOKUP(2,1/('Outreach Log'!$C$2:$C$9998=F20),'Outreach Log'!$B$2:$B$9998),"")} | L20: =IFERROR(INDEX('Outreach Log'!$F:$F,MATCH(TEXT(K20,"YYYY-MM-DD")&F20,'Outreach Log'!$L:$L,0)),"") | M20: =IFERROR(HYPERLINK("#'Outreach Log'!A"&MATCH(TEXT(K20,"YYYY-MM-DD")&F20,'Outreach Log'!$L:$L,0),"→ View"),"—") -> — | N20: =IFERROR(HYPERLINK("#Companies!A"&MATCH(E20,Companies!$B:$B,0),"→ View"),"—") -> → View
A21: =IF(tblContacts[[#This Row],[First Name]]<>0,ROW()-1,"") -> 20 | B21: אמיר | C21: שדה | E21: טראומה סינק בע"מ | F21: amir.sadeh@gmail.com | H21: Lead | I21: רשהח"ד 2025 | K21: {=IFERROR(LOOKUP(2,1/('Outreach Log'!$C$2:$C$9998=F21),'Outreach Log'!$B$2:$B$9998),"")} -> 46126 | L21: =IFERROR(INDEX('Outreach Log'!$F:$F,MATCH(TEXT(K21,"YYYY-MM-DD")&F21,'Outreach Log'!$L:$L,0)),"") -> Email | M21: =IFERROR(HYPERLINK("#'Outreach Log'!A"&MATCH(TEXT(K21,"YYYY-MM-DD")&F21,'Outreach Log'!$L:$L,0),"→ View"),"—") -> → View | N21: =IFERROR(HYPERLINK("#Companies!A"&MATCH(E21,Companies!$B:$B,0),"→ View"),"—") -> → View
A22: =IF(tblContacts[[#This Row],[First Name]]<>0,ROW()-1,"") -> 21 | B22: אמיר | C22: חסידים | E22: אייפקס ביו בע"מ | F22: amir@apexbio.tech | H22: Lead | I22: רשהח"ד 2025 | K22: {=IFERROR(LOOKUP(2,1/('Outreach Log'!$C$2:$C$9998=F22),'Outreach Log'!$B$2:$B$9998),"")} -> 46126 | L22: =IFERROR(INDEX('Outreach Log'!$F:$F,MATCH(TEXT(K22,"YYYY-MM-DD")&F22,'Outreach Log'!$L:$L,0)),"") -> Email | M22: =IFERROR(HYPERLINK("#'Outreach Log'!A"&MATCH(TEXT(K22,"YYYY-MM-DD")&F22,'Outreach Log'!$L:$L,0),"→ View"),"—") -> → View | N22: =IFERROR(HYPERLINK("#Companies!A"&MATCH(E22,Companies!$B:$B,0),"→ View"),"—") -> → View
A23: =IF(tblContacts[[#This Row],[First Name]]<>0,ROW()-1,"") -> 22 | B23: אמיר | C23: ממט | D23: VP Product/R&D | E23: אקסיומה רובוטיקס בע"מ | F23: amir@axioma-in.com | H23: Lead | I23: רשהח"ד 2025 | K23: {=IFERROR(LOOKUP(2,1/('Outreach Log'!$C$2:$C$9998=F23),'Outreach Log'!$B$2:$B$9998),"")} -> 46126 | L23: =IFERROR(INDEX('Outreach Log'!$F:$F,MATCH(TEXT(K23,"YYYY-MM-DD")&F23,'Outreach Log'!$L:$L,0)),"") -> Email | M23: =IFERROR(HYPERLINK("#'Outreach Log'!A"&MATCH(TEXT(K23,"YYYY-MM-DD")&F23,'Outreach Log'!$L:$L,0),"→ View"),"—") -> → View | N23: =IFERROR(HYPERLINK("#Companies!A"&MATCH(E23,Companies!$B:$B,0),"→ View"),"—") -> → View
A24: =IF(tblContacts[[#This Row],[First Name]]<>0,ROW()-1,"") -> 23 | B24: אמיר | C24: לויט | E24: רמוט אנרג'י בע"מ | F24: amir@remot.energy | H24: Lead | I24: רשהח"ד 2025 | K24: {=IFERROR(LOOKUP(2,1/('Outreach Log'!$C$2:$C$9998=F24),'Outreach Log'!$B$2:$B$9998),"")} -> 46126 | L24: =IFERROR(INDEX('Outreach Log'!$F:$F,MATCH(TEXT(K24,"YYYY-MM-DD")&F24,'Outreach Log'!$L:$L,0)),"") -> Email | M24: =IFERROR(HYPERLINK("#'Outreach Log'!A"&MATCH(TEXT(K24,"YYYY-MM-DD")&F24,'Outreach Log'!$L:$L,0),"→ View"),"—") -> → View | N24: =IFERROR(HYPERLINK("#Companies!A"&MATCH(E24,Companies!$B:$B,0),"→ View"),"—") -> → View
A25: =IF(tblContacts[[#This Row],[First Name]]<>0,ROW()-1,"") -> 24 | B25: עמית | C25: טורמן | E25: ויריטיס בע"מ | F25: amit.turman@viritis2020.com | H25: Lead | I25: רשהח"ד 2025 | K25: {=IFERROR(LOOKUP(2,1/('Outreach Log'!$C$2:$C$9998=F25),'Outreach Log'!$B$2:$B$9998),"")} -> 46126 | L25: =IFERROR(INDEX('Outreach Log'!$F:$F,MATCH(TEXT(K25,"YYYY-MM-DD")&F25,'Outreach Log'!$L:$L,0)),"") -> Email | M25: =IFERROR(HYPERLINK("#'Outreach Log'!A"&MATCH(TEXT(K25,"YYYY-MM-DD")&F25,'Outreach Log'!$L:$L,0),"→ View"),"—") -> → View | N25: =IFERROR(HYPERLINK("#Companies!A"&MATCH(E25,Companies!$B:$B,0),"→ View"),"—") -> → View
A26: =IF(tblContacts[[#This Row],[First Name]]<>0,ROW()-1,"") -> 25 | B26: עמית | C26: מלר | D26: Co-Founder & CSO | E26: ג'נופור | G26: 0545667676 | H26: Lead | I26: רשהח"ד 2026 | K26: {=IFERROR(LOOKUP(2,1/('Outreach Log'!$C$2:$C$9998=F26),'Outreach Log'!$B$2:$B$9998),"")} -> 0 | L26: =IFERROR(INDEX('Outreach Log'!$F:$F,MATCH(TEXT(K26,"YYYY-MM-DD")&F26,'Outreach Log'!$L:$L,0)),"") | M26: =IFERROR(HYPERLINK("#'Outreach Log'!A"&MATCH(TEXT(K26,"YYYY-MM-DD")&F26,'Outreach Log'!$L:$L,0),"→ View"),"—") -> — | N26: =IFERROR(HYPERLINK("#Companies!A"&MATCH(E26,Companies!$B:$B,0),"→ View"),"—") -> → View
A27: =IF(tblContacts[[#This Row],[First Name]]<>0,ROW()-1,"") -> 26 | B27: עמית | C27: קריג | D27: SVP Software & Product Line | E27: מלאנוקס טכנולוגיות | F27: amit@mellanox.com | H27: Lead | I27: רשהח"ד 2026 | K27: {=IFERROR(LOOKUP(2,1/('Outreach Log'!$C$2:$C$9998=F27),'Outreach Log'!$B$2:$B$9998),"")} | L27: =IFERROR(INDEX('Outreach Log'!$F:$F,MATCH(TEXT(K27,"YYYY-MM-DD")&F27,'Outreach Log'!$L:$L,0)),"") | M27: =IFERROR(HYPERLINK("#'Outreach Log'!A"&MATCH(TEXT(K27,"YYYY-MM-DD")&F27,'Outreach Log'!$L:$L,0),"→ View"),"—") -> — | N27: =IFERROR(HYPERLINK("#Companies!A"&MATCH(E27,Companies!$B:$B,0),"→ View"),"—") -> → View
A28: =IF(tblContacts[[#This Row],[First Name]]<>0,ROW()-1,"") -> 27 | B28: אנאי | C28: גרין | D28: Oparations | F28: anai@lumiweave.com | H28: Lead | I28: רשהח"ד 2025 | K28: {=IFERROR(LOOKUP(2,1/('Outreach Log'!$C$2:$C$9998=F28),'Outreach Log'!$B$2:$B$9998),"")} | L28: =IFERROR(INDEX('Outreach Log'!$F:$F,MATCH(TEXT(K28,"YYYY-MM-DD")&F28,'Outreach Log'!$L:$L,0)),"") | M28: =IFERROR(HYPERLINK("#'Outreach Log'!A"&MATCH(TEXT(K28,"YYYY-MM-DD")&F28,'Outreach Log'!$L:$L,0),"→ View"),"—") -> — | N28: =IFERROR(HYPERLINK("#Companies!A"&MATCH(E28,Companies!$B:$B,0),"→ View"),"—") -> —
A29: =IF(tblContacts[[#This Row],[First Name]]<>0,ROW()-1,"") -> 28 | B29: ענאן | C29: סרחאן | F29: anans2861@gmail.com | H29: Lead | I29: AIcademy Webinars | K29: {=IFERROR(LOOKUP(2,1/('Outreach Log'!$C$2:$C$9998=F29),'Outreach Log'!$B$2:$B$9998),"")} | L29: =IFERROR(INDEX('Outreach Log'!$F:$F,MATCH(TEXT(K29,"YYYY-MM-DD")&F29,'Outreach Log'!$L:$L,0)),"") | M29: =IFERROR(HYPERLINK("#'Outreach Log'!A"&MATCH(TEXT(K29,"YYYY-MM-DD")&F29,'Outreach Log'!$L:$L,0),"→ View"),"—") -> — | N29: =IFERROR(HYPERLINK("#Companies!A"&MATCH(E29,Companies!$B:$B,0),"→ View"),"—") -> —
A30: =IF(tblContacts[[#This Row],[First Name]]<>0,ROW()-1,"") -> 29 | B30: אריאל | C30: גיספאן | D30: מפתח אלגוריתמים | E30: אמנדו | F30: ariel.gispan@mail.huji.ac.il | H30: Lead | I30: Webinars 2.26 | K30: {=IFERROR(LOOKUP(2,1/('Outreach Log'!$C$2:$C$9998=F30),'Outreach Log'!$B$2:$B$9998),"")} -> 46126 | L30: =IFERROR(INDEX('Outreach Log'!$F:$F,MATCH(TEXT(K30,"YYYY-MM-DD")&F30,'Outreach Log'!$L:$L,0)),"") -> Email | M30: =IFERROR(HYPERLINK("#'Outreach Log'!A"&MATCH(TEXT(K30,"YYYY-MM-DD")&F30,'Outreach Log'!$L:$L,0),"→ View"),"—") -> → View | N30: =IFERROR(HYPERLINK("#Companies!A"&MATCH(E30,Companies!$B:$B,0),"→ View"),"—") -> → View
A31: =IF(tblContacts[[#This Row],[First Name]]<>0,ROW()-1,"") -> 30 | B31: אריאל | C31: פופר | E31: סולידטי טכנולוגיות בע"מ | F31: ariel@solidt-tech.com | H31: Lead | I31: רשהח"ד 2025 | K31: {=IFERROR(LOOKUP(2,1/('Outreach Log'!$C$2:$C$9998=F31),'Outreach Log'!$B$2:$B$9998),"")} | L31: =IFERROR(INDEX('Outreach Log'!$F:$F,MATCH(TEXT(K31,"YYYY-MM-DD")&F31,'Outreach Log'!$L:$L,0)),"") | M31: =IFERROR(HYPERLINK("#'Outreach Log'!A"&MATCH(TEXT(K31,"YYYY-MM-DD")&F31,'Outreach Log'!$L:$L,0),"→ View"),"—") -> — | N31: =IFERROR(HYPERLINK("#Companies!A"&MATCH(E31,Companies!$B:$B,0),"→ View"),"—") -> → View
A32: =IF(tblContacts[[#This Row],[First Name]]<>0,ROW()-1,"") -> 31 | B32: אריק | C32: חן | E32: ס.פ. ספירפוינט בע"מ | F32: arik@sphere-point.com | H32: Lead | I32: רשהח"ד 2025 | K32: {=IFERROR(LOOKUP(2,1/('Outreach Log'!$C$2:$C$9998=F32),'Outreach Log'!$B$2:$B$9998),"")} | L32: =IFERROR(INDEX('Outreach Log'!$F:$F,MATCH(TEXT(K32,"YYYY-MM-DD")&F32,'Outreach Log'!$L:$L,0)),"") | M32: =IFERROR(HYPERLINK("#'Outreach Log'!A"&MATCH(TEXT(K32,"YYYY-MM-DD")&F32,'Outreach Log'!$L:$L,0),"→ View"),"—") -> — | N32: =IFERROR(HYPERLINK("#Companies!A"&MATCH(E32,Companies!$B:$B,0),"→ View"),"—") -> → View
A33: =IF(tblContacts[[#This Row],[First Name]]<>0,ROW()-1,"") -> 32 | B33: ארתור | C33: רבנר | E33: הפירוויז'ן בע"מ | F33: arthur@hypervision.ai | H33: Lead | I33: רשהח"ד 2025 | K33: {=IFERROR(LOOKUP(2,1/('Outreach Log'!$C$2:$C$9998=F33),'Outreach Log'!$B$2:$B$9998),"")} | L33: =IFERROR(INDEX('Outreach Log'!$F:$F,MATCH(TEXT(K33,"YYYY-MM-DD")&F33,'Outreach Log'!$L:$L,0)),"") | M33: =IFERROR(HYPERLINK("#'Outreach Log'!A"&MATCH(TEXT(K33,"YYYY-MM-DD")&F33,'Outreach Log'!$L:$L,0),"→ View"),"—") -> — | N33: =IFERROR(HYPERLINK("#Companies!A"&MATCH(E33,Companies!$B:$B,0),"→ View"),"—") -> → View
A34: =IF(tblContacts[[#This Row],[First Name]]<>0,ROW()-1,"") -> 33 | B34: אסף | C34: שפי | E34: אקסיומה רובוטיקס בע"מ | F34: asaf@axioma-in.com | H34: Lead | I34: רשהח"ד 2025 | K34: {=IFERROR(LOOKUP(2,1/('Outreach Log'!$C$2:$C$9998=F34),'Outreach Log'!$B$2:$B$9998),"")} | L34: =IFERROR(INDEX('Outreach Log'!$F:$F,MATCH(TEXT(K34,"YYYY-MM-DD")&F34,'Outreach Log'!$L:$L,0)),"") | M34: =IFERROR(HYPERLINK("#'Outreach Log'!A"&MATCH(TEXT(K34,"YYYY-MM-DD")&F34,'Outreach Log'!$L:$L,0),"→ View"),"—") -> — | N34: =IFERROR(HYPERLINK("#Companies!A"&MATCH(E34,Companies!$B:$B,0),"→ View"),"—") -> → View
A35: =IF(tblContacts[[#This Row],[First Name]]<>0,ROW()-1,"") -> 34 | B35: אסף | C35: אלסיבוני | E35: אלסוויי בע"מ | F35: asaf@elssway.com | H35: Lead | I35: רשהח"ד 2025 | K35: {=IFERROR(LOOKUP(2,1/('Outreach Log'!$C$2:$C$9998=F35),'Outreach Log'!$B$2:$B$9998),"")} -> 46126 | L35: =IFERROR(INDEX('Outreach Log'!$F:$F,MATCH(TEXT(K35,"YYYY-MM-DD")&F35,'Outreach Log'!$L:$L,0)),"") -> Email | M35: =IFERROR(HYPERLINK("#'Outreach Log'!A"&MATCH(TEXT(K35,"YYYY-MM-DD")&F35,'Outreach Log'!$L:$L,0),"→ View"),"—") -> → View | N35: =IFERROR(HYPERLINK("#Companies!A"&MATCH(E35,Companies!$B:$B,0),"→ View"),"—") -> → View
A36: =IF(tblContacts[[#This Row],[First Name]]<>0,ROW()-1,"") -> 35 | B36: אסף | C36: שלו | E36: BIO BARRIER NOSOCOMIAL INFECTIONS PREVENTION LTD | F36: asafshalev@bio-barrier.com | H36: Lead | I36: רשהח"ד 2025 | K36: {=IFERROR(LOOKUP(2,1/('Outreach Log'!$C$2:$C$9998=F36),'Outreach Log'!$B$2:$B$9998),"")} -> 46126 | L36: =IFERROR(INDEX('Outreach Log'!$F:$F,MATCH(TEXT(K36,"YYYY-MM-DD")&F36,'Outreach Log'!$L:$L,0)),"") -> Email | M36: =IFERROR(HYPERLINK("#'Outreach Log'!A"&MATCH(TEXT(K36,"YYYY-MM-DD")&F36,'Outreach Log'!$L:$L,0),"→ View"),"—") -> → View | N36: =IFERROR(HYPERLINK("#Companies!A"&MATCH(E36,Companies!$B:$B,0),"→ View"),"—") -> → View
A37: =IF(tblContacts[[#This Row],[First Name]]<>0,ROW()-1,"") -> 36 | B37: אשר | C37: דהן | E37: וורבל דיוויסס בע"מ | F37: asher.dahan@wearabledevices.co.il | H37: Lead | I37: רשהח"ד 2025 | K37: {=IFERROR(LOOKUP(2,1/('Outreach Log'!$C$2:$C$9998=F37),'Outreach Log'!$B$2:$B$9998),"")} -> 46126 | L37: =IFERROR(INDEX('Outreach Log'!$F:$F,MATCH(TEXT(K37,"YYYY-MM-DD")&F37,'Outreach Log'!$L:$L,0)),"") -> Email | M37: =IFERROR(HYPERLINK("#'Outreach Log'!A"&MATCH(TEXT(K37,"YYYY-MM-DD")&F37,'Outreach Log'!$L:$L,0),"→ View"),"—") -> → View | N37: =IFERROR(HYPERLINK("#Companies!A"&MATCH(E37,Companies!$B:$B,0),"→ View"),"—") -> → View
A38: =IF(tblContacts[[#This Row],[First Name]]<>0,ROW()-1,"") -> 37 | B38: אסף | C38: סופר | E38: טירסיאס | F38: assaf.s@tiresias.co | H38: Lead | I38: רשהח"ד 2025 | K38: {=IFERROR(LOOKUP(2,1/('Outreach Log'!$C$2:$C$9998=F38),'Outreach Log'!$B$2:$B$9998),"")} | L38: =IFERROR(INDEX('Outreach Log'!$F:$F,MATCH(TEXT(K38,"YYYY-MM-DD")&F38,'Outreach Log'!$L:$L,0)),"") | M38: =IFERROR(HYPERLINK("#'Outreach Log'!A"&MATCH(TEXT(K38,"YYYY-MM-DD")&F38,'Outreach Log'!$L:$L,0),"→ View"),"—") -> — | N38: =IFERROR(HYPERLINK("#Companies!A"&MATCH(E38,Companies!$B:$B,0),"→ View"),"—") -> → View
A39: =IF(tblContacts[[#This Row],[First Name]]<>0,ROW()-1,"") -> 38 | B39: אסף | C39: קליין | E39: לימאקה מדיקל בע"מ | F39: assaf@limaca-medical.com | H39: Lead | I39: רשהח"ד 2025 | K39: {=IFERROR(LOOKUP(2,1/('Outreach Log'!$C$2:$C$9998=F39),'Outreach Log'!$B$2:$B$9998),"")} | L39: =IFERROR(INDEX('Outreach Log'!$F:$F,MATCH(TEXT(K39,"YYYY-MM-DD")&F39,'Outreach Log'!$L:$L,0)),"") | M39: =IFERROR(HYPERLINK("#'Outreach Log'!A"&MATCH(TEXT(K39,"YYYY-MM-DD")&F39,'Outreach Log'!$L:$L,0),"→ View"),"—") -> — | N39: =IFERROR(HYPERLINK("#Companies!A"&MATCH(E39,Companies!$B:$B,0),"→ View"),"—") -> → View
A40: =IF(tblContacts[[#This Row],[First Name]]<>0,ROW()-1,"") -> 39 | B40: אבי | C40: בלאו | E40: וויש היר - שמיעה עצמית מדומה בע"מ | F40: avi.blau@gmail.com | H40: Lead | I40: רשהח"ד 2025 | K40: {=IFERROR(LOOKUP(2,1/('Outreach Log'!$C$2:$C$9998=F40),'Outreach Log'!$B$2:$B$9998),"")} | L40: =IFERROR(INDEX('Outreach Log'!$F:$F,MATCH(TEXT(K40,"YYYY-MM-DD")&F40,'Outreach Log'!$L:$L,0)),"") | M40: =IFERROR(HYPERLINK("#'Outreach Log'!A"&MATCH(TEXT(K40,"YYYY-MM-DD")&F40,'Outreach Log'!$L:$L,0),"→ View"),"—") -> — | N40: =IFERROR(HYPERLINK("#Companies!A"&MATCH(E40,Companies!$B:$B,0),"→ View"),"—") -> → View
A41: =IF(tblContacts[[#This Row],[First Name]]<>0,ROW()-1,"") -> 40 | B41: אבי | C41: פרץ | E41: אוראוול בע"מ | F41: avi.oravel@gmail.com | H41: Lead | I41: רשהח"ד 2025 | K41: {=IFERROR(LOOKUP(2,1/('Outreach Log'!$C$2:$C$9998=F41),'Outreach Log'!$B$2:$B$9998),"")} | L41: =IFERROR(INDEX('Outreach Log'!$F:$F,MATCH(TEXT(K41,"YYYY-MM-DD")&F41,'Outreach Log'!$L:$L,0)),"") | M41: =IFERROR(HYPERLINK("#'Outreach Log'!A"&MATCH(TEXT(K41,"YYYY-MM-DD")&F41,'Outreach Log'!$L:$L,0),"→ View"),"—") -> — | N41: =IFERROR(HYPERLINK("#Companies!A"&MATCH(E41,Companies!$B:$B,0),"→ View"),"—") -> → View
A42: =IF(tblContacts[[#This Row],[First Name]]<>0,ROW()-1,"") -> 41 | B42: אבי | C42: יפרח | D42: CEO | E42: וי.איץ.טו.או בע"מ | F42: avi@vh2o.io | H42: Lead | I42: רשהח"ד 2025 | K42: {=IFERROR(LOOKUP(2,1/('Outreach Log'!$C$2:$C$9998=F42),'Outreach Log'!$B$2:$B$9998),"")} | L42: =IFERROR(INDEX('Outreach Log'!$F:$F,MATCH(TEXT(K42,"YYYY-MM-DD")&F42,'Outreach Log'!$L:$L,0)),"") | M42: =IFERROR(HYPERLINK("#'Outreach Log'!A"&MATCH(TEXT(K42,"YYYY-MM-DD")&F42,'Outreach Log'!$L:$L,0),"→ View"),"—") -> — | N42: =IFERROR(HYPERLINK("#Companies!A"&MATCH(E42,Companies!$B:$B,0),"→ View"),"—") -> → View
A43: =IF(tblContacts[[#This Row],[First Name]]<>0,ROW()-1,"") -> 42 | B43: אבי | C43: רובינשטיין | E43: קרדיונט בע"מ | F43: avi121@gmail.com | H43: Lead | I43: רשהח"ד 2025 | K43: {=IFERROR(LOOKUP(2,1/('Outreach Log'!$C$2:$C$9998=F43),'Outreach Log'!$B$2:$B$9998),"")} -> 46126 | L43: =IFERROR(INDEX('Outreach Log'!$F:$F,MATCH(TEXT(K43,"YYYY-MM-DD")&F43,'Outreach Log'!$L:$L,0)),"") -> Email | M43: =IFERROR(HYPERLINK("#'Outreach Log'!A"&MATCH(TEXT(K43,"YYYY-MM-DD")&F43,'Outreach Log'!$L:$L,0),"→ View"),"—") -> → View | N43: =IFERROR(HYPERLINK("#Companies!A"&MATCH(E43,Companies!$B:$B,0),"→ View"),"—") -> → View
A44: =IF(tblContacts[[#This Row],[First Name]]<>0,ROW()-1,"") -> 43 | B44: אביחי | C44: חיים פור | E44: אדיוניקס ישראל בע"מ | F44: avichai.hp@addionics.com | H44: Lead | I44: רשהח"ד 2025 | K44: {=IFERROR(LOOKUP(2,1/('Outreach Log'!$C$2:$C$9998=F44),'Outreach Log'!$B$2:$B$9998),"")} -> 46126 | L44: =IFERROR(INDEX('Outreach Log'!$F:$F,MATCH(TEXT(K44,"YYYY-MM-DD")&F44,'Outreach Log'!$L:$L,0)),"") -> Email | M44: =IFERROR(HYPERLINK("#'Outreach Log'!A"&MATCH(TEXT(K44,"YYYY-MM-DD")&F44,'Outreach Log'!$L:$L,0),"→ View"),"—") -> → View | N44: =IFERROR(HYPERLINK("#Companies!A"&MATCH(E44,Companies!$B:$B,0),"→ View"),"—") -> → View
A45: =IF(tblContacts[[#This Row],[First Name]]<>0,ROW()-1,"") -> 44 | B45: אבירם | C45: עמית | E45: אקסלתא בע"מ | F45: aviram@accellta.com | H45: Lead | I45: רשהח"ד 2025 | K45: {=IFERROR(LOOKUP(2,1/('Outreach Log'!$C$2:$C$9998=F45),'Outreach Log'!$B$2:$B$9998),"")} | L45: =IFERROR(INDEX('Outreach Log'!$F:$F,MATCH(TEXT(K45,"YYYY-MM-DD")&F45,'Outreach Log'!$L:$L,0)),"") | M45: =IFERROR(HYPERLINK("#'Outreach Log'!A"&MATCH(TEXT(K45,"YYYY-MM-DD")&F45,'Outreach Log'!$L:$L,0),"→ View"),"—") -> — | N45: =IFERROR(HYPERLINK("#Companies!A"&MATCH(E45,Companies!$B:$B,0),"→ View"),"—") -> → View
A46: =IF(tblContacts[[#This Row],[First Name]]<>0,ROW()-1,"") -> 45 | B46: Avishai | C46: OZ | E46: אקסיומה רובוטיקס בע"מ | F46: avishaioz80@gmail.com | H46: Lead | I46: AIcademy Webinars | K46: {=IFERROR(LOOKUP(2,1/('Outreach Log'!$C$2:$C$9998=F46),'Outreach Log'!$B$2:$B$9998),"")} | L46: =IFERROR(INDEX('Outreach Log'!$F:$F,MATCH(TEXT(K46,"YYYY-MM-DD")&F46,'Outreach Log'!$L:$L,0)),"") | M46: =IFERROR(HYPERLINK("#'Outreach Log'!A"&MATCH(TEXT(K46,"YYYY-MM-DD")&F46,'Outreach Log'!$L:$L,0),"→ View"),"—") -> — | N46: =IFERROR(HYPERLINK("#Companies!A"&MATCH(E46,Companies!$B:$B,0),"→ View"),"—") -> → View
A47: =IF(tblContacts[[#This Row],[First Name]]<>0,ROW()-1,"") -> 46 | B47: איילת | C47: דילון משיח | E47: רמדיסל | F47: ayeletdm@remedycell.com | H47: Lead | I47: רשהח"ד 2025 | K47: {=IFERROR(LOOKUP(2,1/('Outreach Log'!$C$2:$C$9998=F47),'Outreach Log'!$B$2:$B$9998),"")} | L47: =IFERROR(INDEX('Outreach Log'!$F:$F,MATCH(TEXT(K47,"YYYY-MM-DD")&F47,'Outreach Log'!$L:$L,0)),"") | M47: =IFERROR(HYPERLINK("#'Outreach Log'!A"&MATCH(TEXT(K47,"YYYY-MM-DD")&F47,'Outreach Log'!$L:$L,0),"→ View"),"—") -> — | N47: =IFERROR(HYPERLINK("#Companies!A"&MATCH(E47,Companies!$B:$B,0),"→ View"),"—") -> → View
A48: =IF(tblContacts[[#This Row],[First Name]]<>0,ROW()-1,"") -> 47 | B48: ברק | C48: איילם | D48: CEO, NICE Systems | E48: אקטימייז | F48: barak@nice.com | H48: Lead | I48: רשהח"ד 2026 | K48: {=IFERROR(LOOKUP(2,1/('Outreach Log'!$C$2:$C$9998=F48),'Outreach Log'!$B$2:$B$9998),"")} -> 46126 | L48: =IFERROR(INDEX('Outreach Log'!$F:$F,MATCH(TEXT(K48,"YYYY-MM-DD")&F48,'Outreach Log'!$L:$L,0)),"") -> Email | M48: =IFERROR(HYPERLINK("#'Outreach Log'!A"&MATCH(TEXT(K48,"YYYY-MM-DD")&F48,'Outreach Log'!$L:$L,0),"→ View"),"—") -> → View | N48: =IFERROR(HYPERLINK("#Companies!A"&MATCH(E48,Companies!$B:$B,0),"→ View"),"—") -> → View
A49: =IF(tblContacts[[#This Row],[First Name]]<>0,ROW()-1,"") -> 48 | B49: ברק | C49: זינגר | E49: קבוצת טרנדליינס בע"מ | F49: barak@trendlines.com | H49: Lead | I49: רשהח"ד 2025 | K49: {=IFERROR(LOOKUP(2,1/('Outreach Log'!$C$2:$C$9998=F49),'Outreach Log'!$B$2:$B$9998),"")} | L49: =IFERROR(INDEX('Outreach Log'!$F:$F,MATCH(TEXT(K49,"YYYY-MM-DD")&F49,'Outreach Log'!$L:$L,0)),"") | M49: =IFERROR(HYPERLINK("#'Outreach Log'!A"&MATCH(TEXT(K49,"YYYY-MM-DD")&F49,'Outreach Log'!$L:$L,0),"→ View"),"—") -> — | N49: =IFERROR(HYPERLINK("#Companies!A"&MATCH(E49,Companies!$B:$B,0),"→ View"),"—") -> → View
A50: =IF(tblContacts[[#This Row],[First Name]]<>0,ROW()-1,"") -> 49 | B50: בן | C50: רודין | E50: כמאי אנטרפרייזס בע"מ | F50: ben.rudin@kamai.io | H50: Lead | I50: רשהח"ד 2025 | K50: {=IFERROR(LOOKUP(2,1/('Outreach Log'!$C$2:$C$9998=F50),'Outreach Log'!$B$2:$B$9998),"")} -> 46126 | L50: =IFERROR(INDEX('Outreach Log'!$F:$F,MATCH(TEXT(K50,"YYYY-MM-DD")&F50,'Outreach Log'!$L:$L,0)),"") -> Email | M50: =IFERROR(HYPERLINK("#'Outreach Log'!A"&MATCH(TEXT(K50,"YYYY-MM-DD")&F50,'Outreach Log'!$L:$L,0),"→ View"),"—") -> → View | N50: =IFERROR(HYPERLINK("#Companies!A"&MATCH(E50,Companies!$B:$B,0),"→ View"),"—") -> → View
A51: =IF(tblContacts[[#This Row],[First Name]]<>0,ROW()-1,"") -> 50 | B51: בן | C51: אדם פריזם | E51: אנדופולס בע"מ | F51: ben@endo-pulse.com | H51: Lead | I51: רשהח"ד 2025 | K51: {=IFERROR(LOOKUP(2,1/('Outreach Log'!$C$2:$C$9998=F51),'Outreach Log'!$B$2:$B$9998),"")} | L51: =IFERROR(INDEX('Outreach Log'!$F:$F,MATCH(TEXT(K51,"YYYY-MM-DD")&F51,'Outreach Log'!$L:$L,0)),"") | M51: =IFERROR(HYPERLINK("#'Outreach Log'!A"&MATCH(TEXT(K51,"YYYY-MM-DD")&F51,'Outreach Log'!$L:$L,0),"→ View"),"—") -> — | N51: =IFERROR(HYPERLINK("#Companies!A"&MATCH(E51,Companies!$B:$B,0),"→ View"),"—") -> → View
A52: =IF(tblContacts[[#This Row],[First Name]]<>0,ROW()-1,"") -> 51 | B52: בני | C52: גרינברג | E52: מגניסיטי | F52: benny@magnisity.com | H52: Lead | I52: רשהח"ד 2025 | K52: {=IFERROR(LOOKUP(2,1/('Outreach Log'!$C$2:$C$9998=F52),'Outreach Log'!$B$2:$B$9998),"")} -> 46126 | L52: =IFERROR(INDEX('Outreach Log'!$F:$F,MATCH(TEXT(K52,"YYYY-MM-DD")&F52,'Outreach Log'!$L:$L,0)),"") -> Email | M52: =IFERROR(HYPERLINK("#'Outreach Log'!A"&MATCH(TEXT(K52,"YYYY-MM-DD")&F52,'Outreach Log'!$L:$L,0),"→ View"),"—") -> → View | N52: =IFERROR(HYPERLINK("#Companies!A"&MATCH(E52,Companies!$B:$B,0),"→ View"),"—") -> → View
A53: =IF(tblContacts[[#This Row],[First Name]]<>0,ROW()-1,"") -> 52 | B53: בני | C53: בן מאיר | E53: פרוליפרה | F53: benny@proleafera.com | H53: Lead | I53: רשהח"ד 2025 | K53: {=IFERROR(LOOKUP(2,1/('Outreach Log'!$C$2:$C$9998=F53),'Outreach Log'!$B$2:$B$9998),"")} | L53: =IFERROR(INDEX('Outreach Log'!$F:$F,MATCH(TEXT(K53,"YYYY-MM-DD")&F53,'Outreach Log'!$L:$L,0)),"") | M53: =IFERROR(HYPERLINK("#'Outreach Log'!A"&MATCH(TEXT(K53,"YYYY-MM-DD")&F53,'Outreach Log'!$L:$L,0),"→ View"),"—") -> — | N53: =IFERROR(HYPERLINK("#Companies!A"&MATCH(E53,Companies!$B:$B,0),"→ View"),"—") -> → View
A54: =IF(tblContacts[[#This Row],[First Name]]<>0,ROW()-1,"") -> 53 | B54: נטע | C54: בנארי | E54: בתי זיקוק לנפט | F54: bnetta@bazan.co.il | H54: Lead | I54: רשהח"ד 2025 | K54: {=IFERROR(LOOKUP(2,1/('Outreach Log'!$C$2:$C$9998=F54),'Outreach Log'!$B$2:$B$9998),"")} -> 46126 | L54: =IFERROR(INDEX('Outreach Log'!$F:$F,MATCH(TEXT(K54,"YYYY-MM-DD")&F54,'Outreach Log'!$L:$L,0)),"") -> Email | M54: =IFERROR(HYPERLINK("#'Outreach Log'!A"&MATCH(TEXT(K54,"YYYY-MM-DD")&F54,'Outreach Log'!$L:$L,0),"→ View"),"—") -> → View | N54: =IFERROR(HYPERLINK("#Companies!A"&MATCH(E54,Companies!$B:$B,0),"→ View"),"—") -> → View
A55: =IF(tblContacts[[#This Row],[First Name]]<>0,ROW()-1,"") -> 54 | B55: בעז | C55: אלמוג | E55: אג'ייל מ.ר.י בע"מ | F55: boazal@agilemri.com | H55: Lead | I55: רשהח"ד 2025 | K55: {=IFERROR(LOOKUP(2,1/('Outreach Log'!$C$2:$C$9998=F55),'Outreach Log'!$B$2:$B$9998),"")} -> 46126 | L55: =IFERROR(INDEX('Outreach Log'!$F:$F,MATCH(TEXT(K55,"YYYY-MM-DD")&F55,'Outreach Log'!$L:$L,0)),"") -> Email | M55: =IFERROR(HYPERLINK("#'Outreach Log'!A"&MATCH(TEXT(K55,"YYYY-MM-DD")&F55,'Outreach Log'!$L:$L,0),"→ View"),"—") -> → View | N55: =IFERROR(HYPERLINK("#Companies!A"&MATCH(E55,Companies!$B:$B,0),"→ View"),"—") -> → View
A56: =IF(tblContacts[[#This Row],[First Name]]<>0,ROW()-1,"") -> 55 | B56: בוריס | C56: מורבין | E56: אינטגריטי דיאגנוסטיקס בע"מ | F56: boris@ndt.co.il | H56: Lead | I56: רשהח"ד 2025 | K56: {=IFERROR(LOOKUP(2,1/('Outreach Log'!$C$2:$C$9998=F56),'Outreach Log'!$B$2:$B$9998),"")} -> 46126 | L56: =IFERROR(INDEX('Outreach Log'!$F:$F,MATCH(TEXT(K56,"YYYY-MM-DD")&F56,'Outreach Log'!$L:$L,0)),"") -> Email | M56: =IFERROR(HYPERLINK("#'Outreach Log'!A"&MATCH(TEXT(K56,"YYYY-MM-DD")&F56,'Outreach Log'!$L:$L,0),"→ View"),"—") -> → View | N56: =IFERROR(HYPERLINK("#Companies!A"&MATCH(E56,Companies!$B:$B,0),"→ View"),"—") -> → View
A57: =IF(tblContacts[[#This Row],[First Name]]<>0,ROW()-1,"") -> 56 | B57: ברוריה | C57: כהן | D57: Oparations | E57: אקסיומה רובוטיקס בע"מ | F57: bruria@axioma-in.com | H57: Lead | I57: רשהח"ד 2025 | K57: {=IFERROR(LOOKUP(2,1/('Outreach Log'!$C$2:$C$9998=F57),'Outreach Log'!$B$2:$B$9998),"")} -> 46126 | L57: =IFERROR(INDEX('Outreach Log'!$F:$F,MATCH(TEXT(K57,"YYYY-MM-DD")&F57,'Outreach Log'!$L:$L,0)),"") -> Email | M57: =IFERROR(HYPERLINK("#'Outreach Log'!A"&MATCH(TEXT(K57,"YYYY-MM-DD")&F57,'Outreach Log'!$L:$L,0),"→ View"),"—") -> → View | N57: =IFERROR(HYPERLINK("#Companies!A"&MATCH(E57,Companies!$B:$B,0),"→ View"),"—") -> → View
A58: =IF(tblContacts[[#This Row],[First Name]]<>0,ROW()-1,"") -> 57 | B58: בושרא | C58: מזאריב | E58: סמאנא זרזיר | F58: bushra.mazreeb@samanahub.org | H58: Lead | I58: רשהח"ד 2025 | K58: {=IFERROR(LOOKUP(2,1/('Outreach Log'!$C$2:$C$9998=F58),'Outreach Log'!$B$2:$B$9998),"")} | L58: =IFERROR(INDEX('Outreach Log'!$F:$F,MATCH(TEXT(K58,"YYYY-MM-DD")&F58,'Outreach Log'!$L:$L,0)),"") | M58: =IFERROR(HYPERLINK("#'Outreach Log'!A"&MATCH(TEXT(K58,"YYYY-MM-DD")&F58,'Outreach Log'!$L:$L,0),"→ View"),"—") -> — | N58: =IFERROR(HYPERLINK("#Companies!A"&MATCH(E58,Companies!$B:$B,0),"→ View"),"—") -> → View
A59: =IF(tblContacts[[#This Row],[First Name]]<>0,ROW()-1,"") -> 58 | B59: חן | C59: שליין | E59: מימד דיאגנוסטיקס בע"מ | F59: chen.shlein@me-med.com | H59: Lead | I59: רשהח"ד 2025 | K59: {=IFERROR(LOOKUP(2,1/('Outreach Log'!$C$2:$C$9998=F59),'Outreach Log'!$B$2:$B$9998),"")} | L59: =IFERROR(INDEX('Outreach Log'!$F:$F,MATCH(TEXT(K59,"YYYY-MM-DD")&F59,'Outreach Log'!$L:$L,0)),"") | M59: =IFERROR(HYPERLINK("#'Outreach Log'!A"&MATCH(TEXT(K59,"YYYY-MM-DD")&F59,'Outreach Log'!$L:$L,0),"→ View"),"—") -> — | N59: =IFERROR(HYPERLINK("#Companies!A"&MATCH(E59,Companies!$B:$B,0),"→ View"),"—") -> → View
A60: =IF(tblContacts[[#This Row],[First Name]]<>0,ROW()-1,"") -> 59 | B60: דפנה | C60: גבאי | E60: פיינלי פודס בע"מ | F60: dafna@finally-foods.com | H60: Lead | I60: רשהח"ד 2025 | K60: {=IFERROR(LOOKUP(2,1/('Outreach Log'!$C$2:$C$9998=F60),'Outreach Log'!$B$2:$B$9998),"")} | L60: =IFERROR(INDEX('Outreach Log'!$F:$F,MATCH(TEXT(K60,"YYYY-MM-DD")&F60,'Outreach Log'!$L:$L,0)),"") | M60: =IFERROR(HYPERLINK("#'Outreach Log'!A"&MATCH(TEXT(K60,"YYYY-MM-DD")&F60,'Outreach Log'!$L:$L,0),"→ View"),"—") -> — | N60: =IFERROR(HYPERLINK("#Companies!A"&MATCH(E60,Companies!$B:$B,0),"→ View"),"—") -> → View
A61: =IF(tblContacts[[#This Row],[First Name]]<>0,ROW()-1,"") -> 60 | B61: דליה | C61: קוק | E61: Matrix | F61: dalia.bekker@gmail.com | H61: Lead | I61: AIcademy Webinars | K61: {=IFERROR(LOOKUP(2,1/('Outreach Log'!$C$2:$C$9998=F61),'Outreach Log'!$B$2:$B$9998),"")} | L61: =IFERROR(INDEX('Outreach Log'!$F:$F,MATCH(TEXT(K61,"YYYY-MM-DD")&F61,'Outreach Log'!$L:$L,0)),"") | M61: =IFERROR(HYPERLINK("#'Outreach Log'!A"&MATCH(TEXT(K61,"YYYY-MM-DD")&F61,'Outreach Log'!$L:$L,0),"→ View"),"—") -> — | N61: =IFERROR(HYPERLINK("#Companies!A"&MATCH(E61,Companies!$B:$B,0),"→ View"),"—") -> —
A62: =IF(tblContacts[[#This Row],[First Name]]<>0,ROW()-1,"") -> 61 | B62: דן | C62: אבן | E62: אסטריקס פודס בע״מ | F62: dan@asterixfoods.com | H62: Lead | I62: רשהח"ד 2025 | K62: {=IFERROR(LOOKUP(2,1/('Outreach Log'!$C$2:$C$9998=F62),'Outreach Log'!$B$2:$B$9998),"")} -> 46126 | L62: =IFERROR(INDEX('Outreach Log'!$F:$F,MATCH(TEXT(K62,"YYYY-MM-DD")&F62,'Outreach Log'!$L:$L,0)),"") -> Email | M62: =IFERROR(HYPERLINK("#'Outreach Log'!A"&MATCH(TEXT(K62,"YYYY-MM-DD")&F62,'Outreach Log'!$L:$L,0),"→ View"),"—") -> → View | N62: =IFERROR(HYPERLINK("#Companies!A"&MATCH(E62,Companies!$B:$B,0),"→ View"),"—") -> → View
A63: =IF(tblContacts[[#This Row],[First Name]]<>0,ROW()-1,"") -> 62 | B63: דניאל | C63: קרויטורו | F63: danielcroitoro@gmail.com | H63: Lead | I63: יפעת | K63: {=IFERROR(LOOKUP(2,1/('Outreach Log'!$C$2:$C$9998=F63),'Outreach Log'!$B$2:$B$9998),"")} | L63: =IFERROR(INDEX('Outreach Log'!$F:$F,MATCH(TEXT(K63,"YYYY-MM-DD")&F63,'Outreach Log'!$L:$L,0)),"") | M63: =IFERROR(HYPERLINK("#'Outreach Log'!A"&MATCH(TEXT(K63,"YYYY-MM-DD")&F63,'Outreach Log'!$L:$L,0),"→ View"),"—") -> — | N63: =IFERROR(HYPERLINK("#Companies!A"&MATCH(E63,Companies!$B:$B,0),"→ View"),"—") -> —
A64: =IF(tblContacts[[#This Row],[First Name]]<>0,ROW()-1,"") -> 63 | B64: דניאל | C64: קאן | E64: לוסיקס טכנולוגיות בע"מ | F64: danielk@lusix.com | H64: Lead | I64: רשהח"ד 2025 | K64: {=IFERROR(LOOKUP(2,1/('Outreach Log'!$C$2:$C$9998=F64),'Outreach Log'!$B$2:$B$9998),"")} -> 46126 | L64: =IFERROR(INDEX('Outreach Log'!$F:$F,MATCH(TEXT(K64,"YYYY-MM-DD")&F64,'Outreach Log'!$L:$L,0)),"") -> Email | M64: =IFERROR(HYPERLINK("#'Outreach Log'!A"&MATCH(TEXT(K64,"YYYY-MM-DD")&F64,'Outreach Log'!$L:$L,0),"→ View"),"—") -> → View | N64: =IFERROR(HYPERLINK("#Companies!A"&MATCH(E64,Companies!$B:$B,0),"→ View"),"—") -> → View
A65: =IF(tblContacts[[#This Row],[First Name]]<>0,ROW()-1,"") -> 64 | B65: דני | C65: עצמון | E65: קוגנטה בע"מ | F65: danny@cognata.com | H65: Lead | I65: רשהח"ד 2025 | K65: {=IFERROR(LOOKUP(2,1/('Outreach Log'!$C$2:$C$9998=F65),'Outreach Log'!$B$2:$B$9998),"")} | L65: =IFERROR(INDEX('Outreach Log'!$F:$F,MATCH(TEXT(K65,"YYYY-MM-DD")&F65,'Outreach Log'!$L:$L,0)),"") | M65: =IFERROR(HYPERLINK("#'Outreach Log'!A"&MATCH(TEXT(K65,"YYYY-MM-DD")&F65,'Outreach Log'!$L:$L,0),"→ View"),"—") -> — | N65: =IFERROR(HYPERLINK("#Companies!A"&MATCH(E65,Companies!$B:$B,0),"→ View"),"—") -> → View
A66: =IF(tblContacts[[#This Row],[First Name]]<>0,ROW()-1,"") -> 65 | B66: דני | C66: גלושנקוב | E66: קאוזל מד בע״מ | F66: danny@projectm.tech | H66: Lead | I66: רשהח"ד 2025 | K66: {=IFERROR(LOOKUP(2,1/('Outreach Log'!$C$2:$C$9998=F66),'Outreach Log'!$B$2:$B$9998),"")} | L66: =IFERROR(INDEX('Outreach Log'!$F:$F,MATCH(TEXT(K66,"YYYY-MM-DD")&F66,'Outreach Log'!$L:$L,0)),"") | M66: =IFERROR(HYPERLINK("#'Outreach Log'!A"&MATCH(TEXT(K66,"YYYY-MM-DD")&F66,'Outreach Log'!$L:$L,0),"→ View"),"—") -> — | N66: =IFERROR(HYPERLINK("#Companies!A"&MATCH(E66,Companies!$B:$B,0),"→ View"),"—") -> → View
A67: =IF(tblContacts[[#This Row],[First Name]]<>0,ROW()-1,"") -> 66 | B67: דפנה | C67: וינר | E67: קריאטרה אינוביישנס בע"מ | F67: daphna@criaterra.com | H67: Lead | I67: רשהח"ד 2025 | K67: {=IFERROR(LOOKUP(2,1/('Outreach Log'!$C$2:$C$9998=F67),'Outreach Log'!$B$2:$B$9998),"")} -> 46126 | L67: =IFERROR(INDEX('Outreach Log'!$F:$F,MATCH(TEXT(K67,"YYYY-MM-DD")&F67,'Outreach Log'!$L:$L,0)),"") -> Email | M67: =IFERROR(HYPERLINK("#'Outreach Log'!A"&MATCH(TEXT(K67,"YYYY-MM-DD")&F67,'Outreach Log'!$L:$L,0),"→ View"),"—") -> → View | N67: =IFERROR(HYPERLINK("#Companies!A"&MATCH(E67,Companies!$B:$B,0),"→ View"),"—") -> → View
A68: =IF(tblContacts[[#This Row],[First Name]]<>0,ROW()-1,"") -> 67 | B68: דוד | C68: זלצר | E68: קמביום (2014) בע"מ | F68: david@cambium.co.il | H68: Lead | I68: רשהח"ד 2025 | K68: {=IFERROR(LOOKUP(2,1/('Outreach Log'!$C$2:$C$9998=F68),'Outreach Log'!$B$2:$B$9998),"")} | L68: =IFERROR(INDEX('Outreach Log'!$F:$F,MATCH(TEXT(K68,"YYYY-MM-DD")&F68,'Outreach Log'!$L:$L,0)),"") | M68: =IFERROR(HYPERLINK("#'Outreach Log'!A"&MATCH(TEXT(K68,"YYYY-MM-DD")&F68,'Outreach Log'!$L:$L,0),"→ View"),"—") -> — | N68: =IFERROR(HYPERLINK("#Companies!A"&MATCH(E68,Companies!$B:$B,0),"→ View"),"—") -> → View
A69: =IF(tblContacts[[#This Row],[First Name]]<>0,ROW()-1,"") -> 68 | B69: דויד | C69: שרעבי | E69: Fast Sense | F69: david@fast-sense.com | H69: Lead | I69: רשהח"ד 2025 | K69: {=IFERROR(LOOKUP(2,1/('Outreach Log'!$C$2:$C$9998=F69),'Outreach Log'!$B$2:$B$9998),"")} | L69: =IFERROR(INDEX('Outreach Log'!$F:$F,MATCH(TEXT(K69,"YYYY-MM-DD")&F69,'Outreach Log'!$L:$L,0)),"") | M69: =IFERROR(HYPERLINK("#'Outreach Log'!A"&MATCH(TEXT(K69,"YYYY-MM-DD")&F69,'Outreach Log'!$L:$L,0),"→ View"),"—") -> — | N69: =IFERROR(HYPERLINK("#Companies!A"&MATCH(E69,Companies!$B:$B,0),"→ View"),"—") -> → View
A70: =IF(tblContacts[[#This Row],[First Name]]<>0,ROW()-1,"") -> 69 | B70: דוד | C70: באום | D70: CEO | E70: ג'נופור | G70: 0545667676 | H70: Lead | I70: רשהח"ד 2026 | K70: {=IFERROR(LOOKUP(2,1/('Outreach Log'!$C$2:$C$9998=F70),'Outreach Log'!$B$2:$B$9998),"")} -> 0 | L70: =IFERROR(INDEX('Outreach Log'!$F:$F,MATCH(TEXT(K70,"YYYY-MM-DD")&F70,'Outreach Log'!$L:$L,0)),"") | M70: =IFERROR(HYPERLINK("#'Outreach Log'!A"&MATCH(TEXT(K70,"YYYY-MM-DD")&F70,'Outreach Log'!$L:$L,0),"→ View"),"—") -> — | N70: =IFERROR(HYPERLINK("#Companies!A"&MATCH(E70,Companies!$B:$B,0),"→ View"),"—") -> → View
A71: =IF(tblContacts[[#This Row],[First Name]]<>0,ROW()-1,"") -> 70 | B71: דניאל | C71: בודיאנו | E71: התעשיה האוירית לישראל בע"מ | F71: dbudianu@iai.co.il | H71: Lead | I71: רשהח"ד 2025 | K71: {=IFERROR(LOOKUP(2,1/('Outreach Log'!$C$2:$C$9998=F71),'Outreach Log'!$B$2:$B$9998),"")} -> 46126 | L71: =IFERROR(INDEX('Outreach Log'!$F:$F,MATCH(TEXT(K71,"YYYY-MM-DD")&F71,'Outreach Log'!$L:$L,0)),"") -> Email | M71: =IFERROR(HYPERLINK("#'Outreach Log'!A"&MATCH(TEXT(K71,"YYYY-MM-DD")&F71,'Outreach Log'!$L:$L,0),"→ View"),"—") -> → View | N71: =IFERROR(HYPERLINK("#Companies!A"&MATCH(E71,Companies!$B:$B,0),"→ View"),"—") -> → View
A72: =IF(tblContacts[[#This Row],[First Name]]<>0,ROW()-1,"") -> 71 | B72: דדי | C72: צוקר | E72: בוקסאוןמפ בע"מ | F72: deddi@mappo.world | H72: Lead | I72: רשהח"ד 2025 | K72: {=IFERROR(LOOKUP(2,1/('Outreach Log'!$C$2:$C$9998=F72),'Outreach Log'!$B$2:$B$9998),"")} -> 46126 | L72: =IFERROR(INDEX('Outreach Log'!$F:$F,MATCH(TEXT(K72,"YYYY-MM-DD")&F72,'Outreach Log'!$L:$L,0)),"") -> Email | M72: =IFERROR(HYPERLINK("#'Outreach Log'!A"&MATCH(TEXT(K72,"YYYY-MM-DD")&F72,'Outreach Log'!$L:$L,0),"→ View"),"—") -> → View | N72: =IFERROR(HYPERLINK("#Companies!A"&MATCH(E72,Companies!$B:$B,0),"→ View"),"—") -> → View
A73: =IF(tblContacts[[#This Row],[First Name]]<>0,ROW()-1,"") -> 72 | B73: דניס | C73: פאסיחני | E73: Top seeds intl. | F73: denisbar1988@gmail.com | H73: Lead | I73: Webinars 2.26 | K73: {=IFERROR(LOOKUP(2,1/('Outreach Log'!$C$2:$C$9998=F73),'Outreach Log'!$B$2:$B$9998),"")} | L73: =IFERROR(INDEX('Outreach Log'!$F:$F,MATCH(TEXT(K73,"YYYY-MM-DD")&F73,'Outreach Log'!$L:$L,0)),"") | M73: =IFERROR(HYPERLINK("#'Outreach Log'!A"&MATCH(TEXT(K73,"YYYY-MM-DD")&F73,'Outreach Log'!$L:$L,0),"→ View"),"—") -> — | N73: =IFERROR(HYPERLINK("#Companies!A"&MATCH(E73,Companies!$B:$B,0),"→ View"),"—") -> → View
A74: =IF(tblContacts[[#This Row],[First Name]]<>0,ROW()-1,"") -> 73 | B74: דבורה | C74: גרונברג | D74: שירותי ייעוץ | E74: עצמאית | F74: devoratam@gmail.com | H74: Lead | I74: Webinars 2.26 | K74: {=IFERROR(LOOKUP(2,1/('Outreach Log'!$C$2:$C$9998=F74),'Outreach Log'!$B$2:$B$9998),"")} | L74: =IFERROR(INDEX('Outreach Log'!$F:$F,MATCH(TEXT(K74,"YYYY-MM-DD")&F74,'Outreach Log'!$L:$L,0)),"") | M74: =IFERROR(HYPERLINK("#'Outreach Log'!A"&MATCH(TEXT(K74,"YYYY-MM-DD")&F74,'Outreach Log'!$L:$L,0),"→ View"),"—") -> — | N74: =IFERROR(HYPERLINK("#Companies!A"&MATCH(E74,Companies!$B:$B,0),"→ View"),"—") -> → View
A75: =IF(tblContacts[[#This Row],[First Name]]<>0,ROW()-1,"") -> 74 | B75: מחמוד | C75: דיאב | E75: אי אקו גארד בע"מ | F75: diabmahmud1984@gmail.com | H75: Lead | I75: רשהח"ד 2025 | K75: {=IFERROR(LOOKUP(2,1/('Outreach Log'!$C$2:$C$9998=F75),'Outreach Log'!$B$2:$B$9998),"")} | L75: =IFERROR(INDEX('Outreach Log'!$F:$F,MATCH(TEXT(K75,"YYYY-MM-DD")&F75,'Outreach Log'!$L:$L,0)),"") | M75: =IFERROR(HYPERLINK("#'Outreach Log'!A"&MATCH(TEXT(K75,"YYYY-MM-DD")&F75,'Outreach Log'!$L:$L,0),"→ View"),"—") -> — | N75: =IFERROR(HYPERLINK("#Companies!A"&MATCH(E75,Companies!$B:$B,0),"→ View"),"—") -> → View
A76: =IF(tblContacts[[#This Row],[First Name]]<>0,ROW()-1,"") -> 75 | B76: גוברמן | C76: דניאל | E76: יוניקה דנטל בע"מ | F76: dmitry@uniqa.dental | H76: Lead | I76: רשהח"ד 2025 | K76: {=IFERROR(LOOKUP(2,1/('Outreach Log'!$C$2:$C$9998=F76),'Outreach Log'!$B$2:$B$9998),"")} | L76: =IFERROR(INDEX('Outreach Log'!$F:$F,MATCH(TEXT(K76,"YYYY-MM-DD")&F76,'Outreach Log'!$L:$L,0)),"") | M76: =IFERROR(HYPERLINK("#'Outreach Log'!A"&MATCH(TEXT(K76,"YYYY-MM-DD")&F76,'Outreach Log'!$L:$L,0),"→ View"),"—") -> — | N76: =IFERROR(HYPERLINK("#Companies!A"&MATCH(E76,Companies!$B:$B,0),"→ View"),"—") -> → View
A77: =IF(tblContacts[[#This Row],[First Name]]<>0,ROW()-1,"") -> 76 | B77: דורית | C77: כהן כרמון | E77: ריסיינפס ת'רפויטיקס | F77: dorit@resynapse-tx.com | H77: Lead | I77: רשהח"ד 2025 | K77: {=IFERROR(LOOKUP(2,1/('Outreach Log'!$C$2:$C$9998=F77),'Outreach Log'!$B$2:$B$9998),"")} | L77: =IFERROR(INDEX('Outreach Log'!$F:$F,MATCH(TEXT(K77,"YYYY-MM-DD")&F77,'Outreach Log'!$L:$L,0)),"") | M77: =IFERROR(HYPERLINK("#'Outreach Log'!A"&MATCH(TEXT(K77,"YYYY-MM-DD")&F77,'Outreach Log'!$L:$L,0),"→ View"),"—") -> — | N77: =IFERROR(HYPERLINK("#Companies!A"&MATCH(E77,Companies!$B:$B,0),"→ View"),"—") -> → View
A78: =IF(tblContacts[[#This Row],[First Name]]<>0,ROW()-1,"") -> 77 | B78: דורון | C78: בושי | E78: פאסטברייק מדיקל בע"מ | F78: doron.bushi@gmail.com | H78: Lead | I78: רשהח"ד 2025 | K78: {=IFERROR(LOOKUP(2,1/('Outreach Log'!$C$2:$C$9998=F78),'Outreach Log'!$B$2:$B$9998),"")} | L78: =IFERROR(INDEX('Outreach Log'!$F:$F,MATCH(TEXT(K78,"YYYY-MM-DD")&F78,'Outreach Log'!$L:$L,0)),"") | M78: =IFERROR(HYPERLINK("#'Outreach Log'!A"&MATCH(TEXT(K78,"YYYY-MM-DD")&F78,'Outreach Log'!$L:$L,0),"→ View"),"—") -> — | N78: =IFERROR(HYPERLINK("#Companies!A"&MATCH(E78,Companies!$B:$B,0),"→ View"),"—") -> → View
A79: =IF(tblContacts[[#This Row],[First Name]]<>0,ROW()-1,"") -> 78 | B79: דותן | C79: עשת | E79: טריטוסקופ בע"מ | F79: dotan.e@treetoscope.com | H79: Lead | I79: רשהח"ד 2025 | K79: {=IFERROR(LOOKUP(2,1/('Outreach Log'!$C$2:$C$9998=F79),'Outreach Log'!$B$2:$B$9998),"")} -> 46126 | L79: =IFERROR(INDEX('Outreach Log'!$F:$F,MATCH(TEXT(K79,"YYYY-MM-DD")&F79,'Outreach Log'!$L:$L,0)),"") -> Email | M79: =IFERROR(HYPERLINK("#'Outreach Log'!A"&MATCH(TEXT(K79,"YYYY-MM-DD")&F79,'Outreach Log'!$L:$L,0),"→ View"),"—") -> → View | N79: =IFERROR(HYPERLINK("#Companies!A"&MATCH(E79,Companies!$B:$B,0),"→ View"),"—") -> → View
A80: =IF(tblContacts[[#This Row],[First Name]]<>0,ROW()-1,"") -> 79 | B80: אליק | C80: אלמוג | E80: אוניברסיטת חיפה | F80: ealmog1@staff.haifa.ac.il | H80: Lead | I80: רשהח"ד 2025 | K80: {=IFERROR(LOOKUP(2,1/('Outreach Log'!$C$2:$C$9998=F80),'Outreach Log'!$B$2:$B$9998),"")} -> 46126 | L80: =IFERROR(INDEX('Outreach Log'!$F:$F,MATCH(TEXT(K80,"YYYY-MM-DD")&F80,'Outreach Log'!$L:$L,0)),"") -> Email | M80: =IFERROR(HYPERLINK("#'Outreach Log'!A"&MATCH(TEXT(K80,"YYYY-MM-DD")&F80,'Outreach Log'!$L:$L,0),"→ View"),"—") -> → View | N80: =IFERROR(HYPERLINK("#Companies!A"&MATCH(E80,Companies!$B:$B,0),"→ View"),"—") -> → View
A81: =IF(tblContacts[[#This Row],[First Name]]<>0,ROW()-1,"") -> 80 | B81: אדי | C81: שאו | E81: גורדיאן סרג'יקל בע"מ | F81: eddie.shaw@gordiansurgical.com | H81: Lead | I81: רשהח"ד 2025 | K81: {=IFERROR(LOOKUP(2,1/('Outreach Log'!$C$2:$C$9998=F81),'Outreach Log'!$B$2:$B$9998),"")} | L81: =IFERROR(INDEX('Outreach Log'!$F:$F,MATCH(TEXT(K81,"YYYY-MM-DD")&F81,'Outreach Log'!$L:$L,0)),"") | M81: =IFERROR(HYPERLINK("#'Outreach Log'!A"&MATCH(TEXT(K81,"YYYY-MM-DD")&F81,'Outreach Log'!$L:$L,0),"→ View"),"—") -> — | N81: =IFERROR(HYPERLINK("#Companies!A"&MATCH(E81,Companies!$B:$B,0),"→ View"),"—") -> → View
A82: =IF(tblContacts[[#This Row],[First Name]]<>0,ROW()-1,"") -> 81 | B82: עודד | C82: סדן | E82: טראפיוטיקס פארמה בע"מ | F82: eddie@terrapeuticspharma.com | H82: Lead | I82: רשהח"ד 2025 | K82: {=IFERROR(LOOKUP(2,1/('Outreach Log'!$C$2:$C$9998=F82),'Outreach Log'!$B$2:$B$9998),"")} | L82: =IFERROR(INDEX('Outreach Log'!$F:$F,MATCH(TEXT(K82,"YYYY-MM-DD")&F82,'Outreach Log'!$L:$L,0)),"") | M82: =IFERROR(HYPERLINK("#'Outreach Log'!A"&MATCH(TEXT(K82,"YYYY-MM-DD")&F82,'Outreach Log'!$L:$L,0),"→ View"),"—") -> — | N82: =IFERROR(HYPERLINK("#Companies!A"&MATCH(E82,Companies!$B:$B,0),"→ View"),"—") -> → View
A83: =IF(tblContacts[[#This Row],[First Name]]<>0,ROW()-1,"") -> 82 | B83: אפרת | C83: תורג'מן | E83: פרספטו רובוטיקס בע"מ. | F83: efrat@percepto.co | H83: Lead | I83: רשהח"ד 2025 | K83: {=IFERROR(LOOKUP(2,1/('Outreach Log'!$C$2:$C$9998=F83),'Outreach Log'!$B$2:$B$9998),"")} | L83: =IFERROR(INDEX('Outreach Log'!$F:$F,MATCH(TEXT(K83,"YYYY-MM-DD")&F83,'Outreach Log'!$L:$L,0)),"") | M83: =IFERROR(HYPERLINK("#'Outreach Log'!A"&MATCH(TEXT(K83,"YYYY-MM-DD")&F83,'Outreach Log'!$L:$L,0),"→ View"),"—") -> — | N83: =IFERROR(HYPERLINK("#Companies!A"&MATCH(E83,Companies!$B:$B,0),"→ View"),"—") -> → View
A84: =IF(tblContacts[[#This Row],[First Name]]<>0,ROW()-1,"") -> 83 | B84: אפרת | C84: לידור נילי | E84: ווידאאוט בע"מ | F84: efrat@weedout-ibs.com | H84: Lead | I84: רשהח"ד 2025 | K84: {=IFERROR(LOOKUP(2,1/('Outreach Log'!$C$2:$C$9998=F84),'Outreach Log'!$B$2:$B$9998),"")} -> 46126 | L84: =IFERROR(INDEX('Outreach Log'!$F:$F,MATCH(TEXT(K84,"YYYY-MM-DD")&F84,'Outreach Log'!$L:$L,0)),"") -> Email | M84: =IFERROR(HYPERLINK("#'Outreach Log'!A"&MATCH(TEXT(K84,"YYYY-MM-DD")&F84,'Outreach Log'!$L:$L,0),"→ View"),"—") -> → View | N84: =IFERROR(HYPERLINK("#Companies!A"&MATCH(E84,Companies!$B:$B,0),"→ View"),"—") -> → View
A85: =IF(tblContacts[[#This Row],[First Name]]<>0,ROW()-1,"") -> 84 | B85: אפרת | C85: יוסף | E85: Zengo | F85: efratcy@gmail.com | H85: Lead | I85: AIcademy Webinars | K85: {=IFERROR(LOOKUP(2,1/('Outreach Log'!$C$2:$C$9998=F85),'Outreach Log'!$B$2:$B$9998),"")} | L85: =IFERROR(INDEX('Outreach Log'!$F:$F,MATCH(TEXT(K85,"YYYY-MM-DD")&F85,'Outreach Log'!$L:$L,0)),"") | M85: =IFERROR(HYPERLINK("#'Outreach Log'!A"&MATCH(TEXT(K85,"YYYY-MM-DD")&F85,'Outreach Log'!$L:$L,0),"→ View"),"—") -> — | N85: =IFERROR(HYPERLINK("#Companies!A"&MATCH(E85,Companies!$B:$B,0),"→ View"),"—") -> —
A86: =IF(tblContacts[[#This Row],[First Name]]<>0,ROW()-1,"") -> 85 | B86: עינב | C86: דניאל | E86: איון לאבס מעבדת חדשנות בע"מ | F86: einav@aionlabs.com | H86: Lead | I86: רשהח"ד 2025 | K86: {=IFERROR(LOOKUP(2,1/('Outreach Log'!$C$2:$C$9998=F86),'Outreach Log'!$B$2:$B$9998),"")} | L86: =IFERROR(INDEX('Outreach Log'!$F:$F,MATCH(TEXT(K86,"YYYY-MM-DD")&F86,'Outreach Log'!$L:$L,0)),"") | M86: =IFERROR(HYPERLINK("#'Outreach Log'!A"&MATCH(TEXT(K86,"YYYY-MM-DD")&F86,'Outreach Log'!$L:$L,0),"→ View"),"—") -> — | N86: =IFERROR(HYPERLINK("#Companies!A"&MATCH(E86,Companies!$B:$B,0),"→ View"),"—") -> → View
... A91: =IF(tblContacts[[#This Row],[First Name]]<>0,ROW()-1,"") -> 90 | B91: אליאב | C91: לוינסון | E91: ארוסנטרי טכנולוגיות בע"מ | F91: eliav@aerosentry.tech | H91: Lead | I91: רשהח"ד 2025 | K91: {=IFERROR(LOOKUP(2,1/('Outreach Log'!$C$2:$C$9998=F91),'Outreach Log'!$B$2:$B$9998),"")} | L91: =IFERROR(INDEX('Outreach Log'!$F:$F,MATCH(TEXT(K91,"YYYY-MM-DD")&F91,'Outreach Log'!$L:$L,0)),"") | M91: =IFERROR(HYPERLINK("#'Outreach Log'!A"&MATCH(TEXT(K91,"YYYY-MM-DD")&F91,'Outreach Log'!$L:$L,0),"→ View"),"—") -> — | N91: =IFERROR(HYPERLINK("#Companies!A"&MATCH(E91,Companies!$B:$B,0),"→ View"),"—") -> → View
A92: =IF(tblContacts[[#This Row],[First Name]]<>0,ROW()-1,"") -> 91 | B92: אלירן | C92: איש שלום | D92: Associate Director | E92: Pluri | F92: eliran.ish-shalom@mail.huji.ac.il | H92: Lead | I92: Webinars 2.26 | K92: {=IFERROR(LOOKUP(2,1/('Outreach Log'!$C$2:$C$9998=F92),'Outreach Log'!$B$2:$B$9998),"")} | L92: =IFERROR(INDEX('Outreach Log'!$F:$F,MATCH(TEXT(K92,"YYYY-MM-DD")&F92,'Outreach Log'!$L:$L,0)),"") | M92: =IFERROR(HYPERLINK("#'Outreach Log'!A"&MATCH(TEXT(K92,"YYYY-MM-DD")&F92,'Outreach Log'!$L:$L,0),"→ View"),"—") -> — | N92: =IFERROR(HYPERLINK("#Companies!A"&MATCH(E92,Companies!$B:$B,0),"→ View"),"—") -> → View
A93: =IF(tblContacts[[#This Row],[First Name]]<>0,ROW()-1,"") -> 92 | B93: אלירן | C93: כותה | E93: די-איידנטיפיקטיון בע"מ | F93: eliran@d-id.com | H93: Lead | I93: רשהח"ד 2025 | K93: {=IFERROR(LOOKUP(2,1/('Outreach Log'!$C$2:$C$9998=F93),'Outreach Log'!$B$2:$B$9998),"")} | L93: =IFERROR(INDEX('Outreach Log'!$F:$F,MATCH(TEXT(K93,"YYYY-MM-DD")&F93,'Outreach Log'!$L:$L,0)),"") | M93: =IFERROR(HYPERLINK("#'Outreach Log'!A"&MATCH(TEXT(K93,"YYYY-MM-DD")&F93,'Outreach Log'!$L:$L,0),"→ View"),"—") -> — | N93: =IFERROR(HYPERLINK("#Companies!A"&MATCH(E93,Companies!$B:$B,0),"→ View"),"—") -> → View
A94: =IF(tblContacts[[#This Row],[First Name]]<>0,ROW()-1,"") -> 93 | B94: אלירן | C94: עזר | E94: ווינגס איי.אל בע"מ | F94: eliran@wingsil.com | H94: Lead | I94: רשהח"ד 2025 | K94: {=IFERROR(LOOKUP(2,1/('Outreach Log'!$C$2:$C$9998=F94),'Outreach Log'!$B$2:$B$9998),"")} -> 46126 | L94: =IFERROR(INDEX('Outreach Log'!$F:$F,MATCH(TEXT(K94,"YYYY-MM-DD")&F94,'Outreach Log'!$L:$L,0)),"") -> Email | M94: =IFERROR(HYPERLINK("#'Outreach Log'!A"&MATCH(TEXT(K94,"YYYY-MM-DD")&F94,'Outreach Log'!$L:$L,0),"→ View"),"—") -> → View | N94: =IFERROR(HYPERLINK("#Companies!A"&MATCH(E94,Companies!$B:$B,0),"→ View"),"—") -> → View
A95: =IF(tblContacts[[#This Row],[First Name]]<>0,ROW()-1,"") -> 94 | B95: אלה | C95: שפירא | E95: אקסייט ישראל פרויקטים | F95: ella.shapira@exyte.net | H95: Lead | I95: רשהח"ד 2025 | K95: {=IFERROR(LOOKUP(2,1/('Outreach Log'!$C$2:$C$9998=F95),'Outreach Log'!$B$2:$B$9998),"")} -> 46126 | L95: =IFERROR(INDEX('Outreach Log'!$F:$F,MATCH(TEXT(K95,"YYYY-MM-DD")&F95,'Outreach Log'!$L:$L,0)),"") -> Email | M95: =IFERROR(HYPERLINK("#'Outreach Log'!A"&MATCH(TEXT(K95,"YYYY-MM-DD")&F95,'Outreach Log'!$L:$L,0),"→ View"),"—") -> → View | N95: =IFERROR(HYPERLINK("#Companies!A"&MATCH(E95,Companies!$B:$B,0),"→ View"),"—") -> → View
A96: =IF(tblContacts[[#This Row],[First Name]]<>0,ROW()-1,"") -> 95 | B96: אלישיב | C96: מינרבי | E96: מרכז החדשנות דרום בע"מ | F96: elyashiv@darom.life | H96: Lead | I96: רשהח"ד 2025 | K96: {=IFERROR(LOOKUP(2,1/('Outreach Log'!$C$2:$C$9998=F96),'Outreach Log'!$B$2:$B$9998),"")} -> 46126 | L96: =IFERROR(INDEX('Outreach Log'!$F:$F,MATCH(TEXT(K96,"YYYY-MM-DD")&F96,'Outreach Log'!$L:$L,0)),"") -> Email | M96: =IFERROR(HYPERLINK("#'Outreach Log'!A"&MATCH(TEXT(K96,"YYYY-MM-DD")&F96,'Outreach Log'!$L:$L,0),"→ View"),"—") -> → View | N96: =IFERROR(HYPERLINK("#Companies!A"&MATCH(E96,Companies!$B:$B,0),"→ View"),"—") -> → View
A97: =IF(tblContacts[[#This Row],[First Name]]<>0,ROW()-1,"") -> 96 | B97: ערן | C97: בלנקנשטיין | E97: פייז מדיקל בע"מ | F97: eran.blank@gmail.com | H97: Lead | I97: רשהח"ד 2025 | K97: {=IFERROR(LOOKUP(2,1/('Outreach Log'!$C$2:$C$9998=F97),'Outreach Log'!$B$2:$B$9998),"")} -> 46126 | L97: =IFERROR(INDEX('Outreach Log'!$F:$F,MATCH(TEXT(K97,"YYYY-MM-DD")&F97,'Outreach Log'!$L:$L,0)),"") -> Email | M97: =IFERROR(HYPERLINK("#'Outreach Log'!A"&MATCH(TEXT(K97,"YYYY-MM-DD")&F97,'Outreach Log'!$L:$L,0),"→ View"),"—") -> → View | N97: =IFERROR(HYPERLINK("#Companies!A"&MATCH(E97,Companies!$B:$B,0),"→ View"),"—") -> → View
A98: =IF(tblContacts[[#This Row],[First Name]]<>0,ROW()-1,"") -> 97 | B98: ערן | C98: שפיר | E98: ECOTASE TECH LTD | F98: eran.sh@ecotase.com | H98: Lead | I98: רשהח"ד 2025 | K98: {=IFERROR(LOOKUP(2,1/('Outreach Log'!$C$2:$C$9998=F98),'Outreach Log'!$B$2:$B$9998),"")} | L98: =IFERROR(INDEX('Outreach Log'!$F:$F,MATCH(TEXT(K98,"YYYY-MM-DD")&F98,'Outreach Log'!$L:$L,0)),"") | M98: =IFERROR(HYPERLINK("#'Outreach Log'!A"&MATCH(TEXT(K98,"YYYY-MM-DD")&F98,'Outreach Log'!$L:$L,0),"→ View"),"—") -> — | N98: =IFERROR(HYPERLINK("#Companies!A"&MATCH(E98,Companies!$B:$B,0),"→ View"),"—") -> → View
A99: =IF(tblContacts[[#This Row],[First Name]]<>0,ROW()-1,"") -> 98 | B99: ערן | C99: לגון | E99: ריאג'ניקס מחקר | F99: eran@reagenics.com | H99: Lead | I99: רשהח"ד 2025 | K99: {=IFERROR(LOOKUP(2,1/('Outreach Log'!$C$2:$C$9998=F99),'Outreach Log'!$B$2:$B$9998),"")} | L99: =IFERROR(INDEX('Outreach Log'!$F:$F,MATCH(TEXT(K99,"YYYY-MM-DD")&F99,'Outreach Log'!$L:$L,0)),"") | M99: =IFERROR(HYPERLINK("#'Outreach Log'!A"&MATCH(TEXT(K99,"YYYY-MM-DD")&F99,'Outreach Log'!$L:$L,0),"→ View"),"—") -> — | N99: =IFERROR(HYPERLINK("#Companies!A"&MATCH(E99,Companies!$B:$B,0),"→ View"),"—") -> → View
A100: =IF(tblContacts[[#This Row],[First Name]]<>0,ROW()-1,"") -> 99 | B100: ערן | C100: אליאס | E100: ספארק לאבס בע"מ | F100: eranelias@gmail.com | H100: Lead | I100: רשהח"ד 2025 | K100: {=IFERROR(LOOKUP(2,1/('Outreach Log'!$C$2:$C$9998=F100),'Outreach Log'!$B$2:$B$9998),"")} -> 46126 | L100: =IFERROR(INDEX('Outreach Log'!$F:$F,MATCH(TEXT(K100,"YYYY-MM-DD")&F100,'Outreach Log'!$L:$L,0)),"") -> Email | M100: =IFERROR(HYPERLINK("#'Outreach Log'!A"&MATCH(TEXT(K100,"YYYY-MM-DD")&F100,'Outreach Log'!$L:$L,0),"→ View"),"—") -> → View | N100: =IFERROR(HYPERLINK("#Companies!A"&MATCH(E100,Companies!$B:$B,0),"→ View"),"—") -> → View
A101: =IF(tblContacts[[#This Row],[First Name]]<>0,ROW()-1,"") -> 100 | B101: ערן | C101: עפר | D101: Technical Innovation Manager | E101: Konnect - Volkswagen Innovation Hub | F101: eranofer1988@gmail.com | H101: Lead | I101: Webinars 2.26 | K101: {=IFERROR(LOOKUP(2,1/('Outreach Log'!$C$2:$C$9998=F101),'Outreach Log'!$B$2:$B$9998),"")} -> 46126 | L101: =IFERROR(INDEX('Outreach Log'!$F:$F,MATCH(TEXT(K101,"YYYY-MM-DD")&F101,'Outreach Log'!$L:$L,0)),"") -> Email | M101: =IFERROR(HYPERLINK("#'Outreach Log'!A"&MATCH(TEXT(K101,"YYYY-MM-DD")&F101,'Outreach Log'!$L:$L,0),"→ View"),"—") -> → View | N101: =IFERROR(HYPERLINK("#Companies!A"&MATCH(E101,Companies!$B:$B,0),"→ View"),"—") -> → View
A102: =IF(tblContacts[[#This Row],[First Name]]<>0,ROW()-1,"") -> 101 | B102: ארז | C102: שרייבר | E102: סוללות בתלת מימד בע"מ | F102: erez.schreiber@3dbattery.co.il | H102: Lead | I102: רשהח"ד 2025 | K102: {=IFERROR(LOOKUP(2,1/('Outreach Log'!$C$2:$C$9998=F102),'Outreach Log'!$B$2:$B$9998),"")} | L102: =IFERROR(INDEX('Outreach Log'!$F:$F,MATCH(TEXT(K102,"YYYY-MM-DD")&F102,'Outreach Log'!$L:$L,0)),"") | M102: =IFERROR(HYPERLINK("#'Outreach Log'!A"&MATCH(TEXT(K102,"YYYY-MM-DD")&F102,'Outreach Log'!$L:$L,0),"→ View"),"—") -> — | N102: =IFERROR(HYPERLINK("#Companies!A"&MATCH(E102,Companies!$B:$B,0),"→ View"),"—") -> → View
A103: =IF(tblContacts[[#This Row],[First Name]]<>0,ROW()-1,"") -> 102 | B103: ארז | C103: וויינרוט | E103: מוביילפיזיקס בע"מ | F103: erez@mobilephysics.com | H103: Lead | I103: רשהח"ד 2025 | K103: {=IFERROR(LOOKUP(2,1/('Outreach Log'!$C$2:$C$9998=F103),'Outreach Log'!$B$2:$B$9998),"")} -> 46126 | L103: =IFERROR(INDEX('Outreach Log'!$F:$F,MATCH(TEXT(K103,"YYYY-MM-DD")&F103,'Outreach Log'!$L:$L,0)),"") -> Email | M103: =IFERROR(HYPERLINK("#'Outreach Log'!A"&MATCH(TEXT(K103,"YYYY-MM-DD")&F103,'Outreach Log'!$L:$L,0),"→ View"),"—") -> → View | N103: =IFERROR(HYPERLINK("#Companies!A"&MATCH(E103,Companies!$B:$B,0),"→ View"),"—") -> → View
A104: =IF(tblContacts[[#This Row],[First Name]]<>0,ROW()-1,"") -> 103 | B104: אריק | C104: מסיקה | E104: אבי-קיור בע"מ | F104: eric@evicure.bio | H104: Lead | I104: רשהח"ד 2025 | K104: {=IFERROR(LOOKUP(2,1/('Outreach Log'!$C$2:$C$9998=F104),'Outreach Log'!$B$2:$B$9998),"")} -> 46126 | L104: =IFERROR(INDEX('Outreach Log'!$F:$F,MATCH(TEXT(K104,"YYYY-MM-DD")&F104,'Outreach Log'!$L:$L,0)),"") -> Email | M104: =IFERROR(HYPERLINK("#'Outreach Log'!A"&MATCH(TEXT(K104,"YYYY-MM-DD")&F104,'Outreach Log'!$L:$L,0),"→ View"),"—") -> → View | N104: =IFERROR(HYPERLINK("#Companies!A"&MATCH(E104,Companies!$B:$B,0),"→ View"),"—") -> → View
...

Sheet Outreach Log
A1: # | B1: Interaction Date | C1: Contact Email | D1: Contact Name | E1: Company | F1: Type | G1: Subject / Topic | H1: Owner | I1: Next Action | J1: Next Action Date | K1: Status | L1: _key
A2: =IF(tblOutreachLog[[#This Row],[Interaction Date]]<>0,ROW()-1,"") -> 1 | B2: 46084 | C2: avishai.o@axioma-in.com | D2: =IFERROR(INDEX(Contacts!$B:$B,MATCH(C2,Contacts!$F:$F,0))&" "&INDEX(Contacts!$C:$C,MATCH(C2,Contacts!$F:$F,0)),"") -> אבישי עוז | E2: =IFERROR(INDEX(Contacts!$E:$E,MATCH(C2,Contacts!$F:$F,0)),"") -> Axioma | F2: Email | G2: Outreach | H2: שיר | K2: Done | L2: =TEXT(B2,"YYYY-MM-DD")&C2 -> 2026-03-03avishai.o@axioma-in.com
A3: =IF(tblOutreachLog[[#This Row],[Interaction Date]]<>0,ROW()-1,"") -> 2 | B3: 46084 | C3: avner.fr@gmail.com | D3: =IFERROR(INDEX(Contacts!$B:$B,MATCH(C3,Contacts!$F:$F,0))&" "&INDEX(Contacts!$C:$C,MATCH(C3,Contacts!$F:$F,0)),"") -> אבנר פרייברגר | E3: =IFERROR(INDEX(Contacts!$E:$E,MATCH(C3,Contacts!$F:$F,0)),"") -> Ansora | F3: Email | G3: Outreach | H3: שיר | K3: Done | L3: =TEXT(B3,"YYYY-MM-DD")&C3 -> 2026-03-03avner.fr@gmail.com
A4: =IF(tblOutreachLog[[#This Row],[Interaction Date]]<>0,ROW()-1,"") -> 3 | B4: 46084 | C4: burtliron@gmail.com | D4: =IFERROR(INDEX(Contacts!$B:$B,MATCH(C4,Contacts!$F:$F,0))&" "&INDEX(Contacts!$C:$C,MATCH(C4,Contacts!$F:$F,0)),"") -> לירון בורט | E4: =IFERROR(INDEX(Contacts!$E:$E,MATCH(C4,Contacts!$F:$F,0)),"") -> Wsc sports | F4: Email | G4: Outreach | H4: שיר | K4: Done | L4: =TEXT(B4,"YYYY-MM-DD")&C4 -> 2026-03-03burtliron@gmail.com
A5: =IF(tblOutreachLog[[#This Row],[Interaction Date]]<>0,ROW()-1,"") -> 4 | B5: 46084 | C5: daniel.bernstein@bruker.com | D5: =IFERROR(INDEX(Contacts!$B:$B,MATCH(C5,Contacts!$F:$F,0))&" "&INDEX(Contacts!$C:$C,MATCH(C5,Contacts!$F:$F,0)),"") -> דניאל ברנסטין | E5: =IFERROR(INDEX(Contacts!$E:$E,MATCH(C5,Contacts!$F:$F,0)),"") -> Bruker | F5: Email | G5: Outreach | H5: שיר | K5: Done | L5: =TEXT(B5,"YYYY-MM-DD")&C5 -> 2026-03-03daniel.bernstein@bruker.com
A6: =IF(tblOutreachLog[[#This Row],[Interaction Date]]<>0,ROW()-1,"") -> 5 | B6: 46084 | C6: dario@thekokomodo.com | D6: =IFERROR(INDEX(Contacts!$B:$B,MATCH(C6,Contacts!$F:$F,0))&" "&INDEX(Contacts!$C:$C,MATCH(C6,Contacts!$F:$F,0)),"") -> דריו בריטל | E6: =IFERROR(INDEX(Contacts!$E:$E,MATCH(C6,Contacts!$F:$F,0)),"") -> Kokomodo | F6: Email | G6: Outreach | H6: שיר | K6: Done | L6: =TEXT(B6,"YYYY-MM-DD")&C6 -> 2026-03-03dario@thekokomodo.com
A7: =IF(tblOutreachLog[[#This Row],[Interaction Date]]<>0,ROW()-1,"") -> 6 | B7: 46084 | C7: dganit@afimilk.com | D7: =IFERROR(INDEX(Contacts!$B:$B,MATCH(C7,Contacts!$F:$F,0))&" "&INDEX(Contacts!$C:$C,MATCH(C7,Contacts!$F:$F,0)),"") -> דגנית סופר | E7: =IFERROR(INDEX(Contacts!$E:$E,MATCH(C7,Contacts!$F:$F,0)),"") -> Afimilk | F7: Email | G7: Outreach | H7: שיר | K7: Done | L7: =TEXT(B7,"YYYY-MM-DD")&C7 -> 2026-03-03dganit@afimilk.com
A8: =IF(tblOutreachLog[[#This Row],[Interaction Date]]<>0,ROW()-1,"") -> 7 | B8: 46084 | C8: dorinar@everafterfoods.com | D8: =IFERROR(INDEX(Contacts!$B:$B,MATCH(C8,Contacts!$F:$F,0))&" "&INDEX(Contacts!$C:$C,MATCH(C8,Contacts!$F:$F,0)),"") -> דורינה רוברמאן | E8: =IFERROR(INDEX(Contacts!$E:$E,MATCH(C8,Contacts!$F:$F,0)),"") -> ever after foods | F8: Email | G8: Outreach | H8: שיר | K8: Done | L8: =TEXT(B8,"YYYY-MM-DD")&C8 -> 2026-03-03dorinar@everafterfoods.com
A9: =IF(tblOutreachLog[[#This Row],[Interaction Date]]<>0,ROW()-1,"") -> 8 | B9: 46084 | C9: erez@sofwave.com | D9: =IFERROR(INDEX(Contacts!$B:$B,MATCH(C9,Contacts!$F:$F,0))&" "&INDEX(Contacts!$C:$C,MATCH(C9,Contacts!$F:$F,0)),"") -> ארז פניר | E9: =IFERROR(INDEX(Contacts!$E:$E,MATCH(C9,Contacts!$F:$F,0)),"") -> סופוויב | F9: Email | G9: Outreach | H9: שיר | K9: Done | L9: =TEXT(B9,"YYYY-MM-DD")&C9 -> 2026-03-03erez@sofwave.com
A10: =IF(tblOutreachLog[[#This Row],[Interaction Date]]<>0,ROW()-1,"") -> 9 | B10: 46084 | C10: gal@emotionlogic.ai | D10: =IFERROR(INDEX(Contacts!$B:$B,MATCH(C10,Contacts!$F:$F,0))&" "&INDEX(Contacts!$C:$C,MATCH(C10,Contacts!$F:$F,0)),"") -> גל אולבסון | E10: =IFERROR(INDEX(Contacts!$E:$E,MATCH(C10,Contacts!$F:$F,0)),"") -> Emotion Logic | F10: Email | G10: Outreach | H10: שיר | K10: Done | L10: =TEXT(B10,"YYYY-MM-DD")&C10 -> 2026-03-03gal@emotionlogic.ai
A11: =IF(tblOutreachLog[[#This Row],[Interaction Date]]<>0,ROW()-1,"") -> 10 | B11: 46084 | C11: grekov.e@gmail.com | D11: =IFERROR(INDEX(Contacts!$B:$B,MATCH(C11,Contacts!$F:$F,0))&" "&INDEX(Contacts!$C:$C,MATCH(C11,Contacts!$F:$F,0)),"") -> יוג'ין גרקו | E11: =IFERROR(INDEX(Contacts!$E:$E,MATCH(C11,Contacts!$F:$F,0)),"") -> InFocus | F11: Email | G11: Outreach | H11: שיר | K11: Done | L11: =TEXT(B11,"YYYY-MM-DD")&C11 -> 2026-03-03grekov.e@gmail.com
A12: =IF(tblOutreachLog[[#This Row],[Interaction Date]]<>0,ROW()-1,"") -> 11 | B12: 46084 | C12: guy@parksharon.co.il | D12: =IFERROR(INDEX(Contacts!$B:$B,MATCH(C12,Contacts!$F:$F,0))&" "&INDEX(Contacts!$C:$C,MATCH(C12,Contacts!$F:$F,0)),"") -> גיא מזרחי | E12: =IFERROR(INDEX(Contacts!$E:$E,MATCH(C12,Contacts!$F:$F,0)),"") -> Park Ariel Sharon | F12: Email | G12: Outreach | H12: שיר | K12: Done | L12: =TEXT(B12,"YYYY-MM-DD")&C12 -> 2026-03-03guy@parksharon.co.il
A13: =IF(tblOutreachLog[[#This Row],[Interaction Date]]<>0,ROW()-1,"") -> 12 | B13: 46084 | C13: idan@driveu.auto | D13: =IFERROR(INDEX(Contacts!$B:$B,MATCH(C13,Contacts!$F:$F,0))&" "&INDEX(Contacts!$C:$C,MATCH(C13,Contacts!$F:$F,0)),"") -> עידן באוקי | E13: =IFERROR(INDEX(Contacts!$E:$E,MATCH(C13,Contacts!$F:$F,0)),"") -> Driveu.auto | F13: Email | G13: Outreach | H13: שיר | K13: Done | L13: =TEXT(B13,"YYYY-MM-DD")&C13 -> 2026-03-03idan@driveu.auto
... A223: =IF(tblOutreachLog[[#This Row],[Interaction Date]]<>0,ROW()-1,"") -> 222 | B223: 46093 | C223: mankal@energy.gov.il | D223: =IFERROR(INDEX(Contacts!$B:$B,MATCH(C223,Contacts!$F:$F,0))&" "&INDEX(Contacts!$C:$C,MATCH(C223,Contacts!$F:$F,0)),"") | E223: =IFERROR(INDEX(Contacts!$E:$E,MATCH(C223,Contacts!$F:$F,0)),"") | F223: Email | G223: CTO invitation - Personal Meeting R&D | H223: Shir | K223: Done | L223: =TEXT(B223,"YYYY-MM-DD")&C223 -> 2026-03-12mankal@energy.gov.il
A224: =IF(tblOutreachLog[[#This Row],[Interaction Date]]<>0,ROW()-1,"") -> 223 | B224: 46096 | C224: uriel@norterra.co.il | D224: =IFERROR(INDEX(Contacts!$B:$B,MATCH(C224,Contacts!$F:$F,0))&" "&INDEX(Contacts!$C:$C,MATCH(C224,Contacts!$F:$F,0)),"") -> אוריאל פרמן | E224: =IFERROR(INDEX(Contacts!$E:$E,MATCH(C224,Contacts!$F:$F,0)),"") -> נורטרה | F224: Email | G224: Schduale meeting with Alex & Yipaht | H224: Shir | I224: Meeting | J224: 46098 | K224: Done | L224: =TEXT(B224,"YYYY-MM-DD")&C224 -> 2026-03-15uriel@norterra.co.il
A225: =IF(tblOutreachLog[[#This Row],[Interaction Date]]<>0,ROW()-1,"") -> 224 | B225: 46104 | C225: ziv@alvox.co.il | D225: =IFERROR(INDEX(Contacts!$B:$B,MATCH(C225,Contacts!$F:$F,0))&" "&INDEX(Contacts!$C:$C,MATCH(C225,Contacts!$F:$F,0)),"") -> זיו הלר | E225: =IFERROR(INDEX(Contacts!$E:$E,MATCH(C225,Contacts!$F:$F,0)),"") -> Alvox Bio | F225: Email | G225: גיוס, A_I, פיתוח לתהליכי ייצור | H225: Shir | I225: Review | J225: 46204 | K225: Done | L225: =TEXT(B225,"YYYY-MM-DD")&C225 -> 2026-03-23ziv@alvox.co.il
A226: =IF(tblOutreachLog[[#This Row],[Interaction Date]]<>0,ROW()-1,"") -> 225 | B226: 46104 | C226: liat@alvox.co.il | D226: =IFERROR(INDEX(Contacts!$B:$B,MATCH(C226,Contacts!$F:$F,0))&" "&INDEX(Contacts!$C:$C,MATCH(C226,Contacts!$F:$F,0)),"") -> ליאת שלומי | E226: =IFERROR(INDEX(Contacts!$E:$E,MATCH(C226,Contacts!$F:$F,0)),"") -> Alvox Bio | F226: Email | G226: גיוס, A_I, פיתוח לתהליכי ייצור | H226: Shir | I226: Review | J226: 46204 | K226: Done | L226: =TEXT(B226,"YYYY-MM-DD")&C226 -> 2026-03-23liat@alvox.co.il
A227: =IF(tblOutreachLog[[#This Row],[Interaction Date]]<>0,ROW()-1,"") -> 226 | B227: 46104 | C227: yarons@bduk-tx.com | D227: =IFERROR(INDEX(Contacts!$B:$B,MATCH(C227,Contacts!$F:$F,0))&" "&INDEX(Contacts!$C:$C,MATCH(C227,Contacts!$F:$F,0)),"") -> ירון סויסה | E227: =IFERROR(INDEX(Contacts!$E:$E,MATCH(C227,Contacts!$F:$F,0)),"") -> בדיוק תרפויטיקה | F227: Email | G227: גיוס, A_I, פיתוח לתהליכי ייצור | H227: Shir | I227: לא רלוונטי | K227: Done | L227: =TEXT(B227,"YYYY-MM-DD")&C227 -> 2026-03-23yarons@bduk-tx.com
A228: =IF(tblOutreachLog[[#This Row],[Interaction Date]]<>0,ROW()-1,"") -> 227 | B228: 46104 | C228: adi@birad.biz | D228: =IFERROR(INDEX(Contacts!$B:$B,MATCH(C228,Contacts!$F:$F,0))&" "&INDEX(Contacts!$C:$C,MATCH(C228,Contacts!$F:$F,0)),"") -> עדי בן עמרם | E228: =IFERROR(INDEX(Contacts!$E:$E,MATCH(C228,Contacts!$F:$F,0)),"") -> ביראד- חברה למחקר ופיתוח בע"מ | F228: Email | G228: ייעוץ ופיתוח בהעברה ממחקר לישום, כלי AI | H228: Shir | K228: Done | L228: =TEXT(B228,"YYYY-MM-DD")&C228 -> 2026-03-23adi@birad.biz
A229: =IF(tblOutreachLog[[#This Row],[Interaction Date]]<>0,ROW()-1,"") -> 228 | B229: 46104 | C229: rotem.golan@claro3d.com | D229: =IFERROR(INDEX(Contacts!$B:$B,MATCH(C229,Contacts!$F:$F,0))&" "&INDEX(Contacts!$C:$C,MATCH(C229,Contacts!$F:$F,0)),"") -> רותם גולן | E229: =IFERROR(INDEX(Contacts!$E:$E,MATCH(C229,Contacts!$F:$F,0)),"") -> קלארו 3 די ננו פרינתינג סולושינס | F229: Email | G229: R&D | H229: Shir | I229: לא רלוונטי | K229: Done | L229: =TEXT(B229,"YYYY-MM-DD")&C229 -> 2026-03-23rotem.golan@claro3d.com
A230: =IF(tblOutreachLog[[#This Row],[Interaction Date]]<>0,ROW()-1,"") -> 229 | B230: 46104 | C230: hagit.alon@gmail.com | D230: =IFERROR(INDEX(Contacts!$B:$B,MATCH(C230,Contacts!$F:$F,0))&" "&INDEX(Contacts!$C:$C,MATCH(C230,Contacts!$F:$F,0)),"") -> חגית אלון | E230: =IFERROR(INDEX(Contacts!$E:$E,MATCH(C230,Contacts!$F:$F,0)),"") -> 0 | F230: Email | G230: ייעוץ לפרוטפוליו | H230: Shir | I230: לא רלוונטי | K230: Done | L230: =TEXT(B230,"YYYY-MM-DD")&C230 -> 2026-03-23hagit.alon@gmail.com
A231: =IF(tblOutreachLog[[#This Row],[Interaction Date]]<>0,ROW()-1,"") -> 230 | B231: 46099 | C231: Daya@taryag-group.com | D231: =IFERROR(INDEX(Contacts!$B:$B,MATCH(C231,Contacts!$F:$F,0))&" "&INDEX(Contacts!$C:$C,MATCH(C231,Contacts!$F:$F,0)),"") -> דיה לטוין | E231: =IFERROR(INDEX(Contacts!$E:$E,MATCH(C231,Contacts!$F:$F,0)),"") -> תריג עיקור ומעבדות בעמ | F231: Meeting | G231: Yiphat+Alex+Daya | H231: Yiphat | I231: לשלוח פרטים על אורוול | J231: 46105 | K231: In Progress | L231: =TEXT(B231,"YYYY-MM-DD")&C231 -> 2026-03-18Daya@taryag-group.com
A232: =IF(tblOutreachLog[[#This Row],[Interaction Date]]<>0,ROW()-1,"") -> 231 | B232: 46104 | C232: ido.a@ardena-labs.com | D232: =IFERROR(INDEX(Contacts!$B:$B,MATCH(C232,Contacts!$F:$F,0))&" "&INDEX(Contacts!$C:$C,MATCH(C232,Contacts!$F:$F,0)),"") -> עידו ענתבי | E232: =IFERROR(INDEX(Contacts!$E:$E,MATCH(C232,Contacts!$F:$F,0)),"") -> ארדנה מעבדות | F232: Email | G232: גיוס, A_I, פיתוח לתהליכי ייצור | H232: Shir | I232: Meeting | J232: 46107 | K232: In Progress | L232: =TEXT(B232,"YYYY-MM-DD")&C232 -> 2026-03-23ido.a@ardena-labs.com
A233: =IF(tblOutreachLog[[#This Row],[Interaction Date]]<>0,ROW()-1,"") -> 232 | B233: 46104 | C233: ronen.nakash@birad.biz | D233: =IFERROR(INDEX(Contacts!$B:$B,MATCH(C233,Contacts!$F:$F,0))&" "&INDEX(Contacts!$C:$C,MATCH(C233,Contacts!$F:$F,0)),"") -> רונן נקש | E233: =IFERROR(INDEX(Contacts!$E:$E,MATCH(C233,Contacts!$F:$F,0)),"") -> ביראד- חברה למחקר ופיתוח בע"מ | F233: Email | G233: תודה על מענה, הצעה לפגישה | H233: Shir | I233: סטטוס | J233: 46147 | K233: In Progress | L233: =TEXT(B233,"YYYY-MM-DD")&C233 -> 2026-03-23ronen.nakash@birad.biz
A234: =IF(tblOutreachLog[[#This Row],[Interaction Date]]<>0,ROW()-1,"") -> 233 | B234: 46106 | C234: yigal@genopore.com | D234: =IFERROR(INDEX(Contacts!$B:$B,MATCH(C234,Contacts!$F:$F,0))&" "&INDEX(Contacts!$C:$C,MATCH(C234,Contacts!$F:$F,0)),"") -> יגאל ליבה | E234: =IFERROR(INDEX(Contacts!$E:$E,MATCH(C234,Contacts!$F:$F,0)),"") -> ג'נופור | F234: Email | G234: תודה על מענה, הצעה לפגישה | H234: Shir | I234: סטטוס | J234: 46157 | K234: In Progress | L234: =TEXT(B234,"YYYY-MM-DD")&C234 -> 2026-03-25yigal@genopore.com
A235: =IF(tblOutreachLog[[#This Row],[Interaction Date]]<>0,ROW()-1,"") -> 234 | B235: 46096 | C235: maya@innoafrica.org | D235: =IFERROR(INDEX(Contacts!$B:$B,MATCH(C235,Contacts!$F:$F,0))&" "&INDEX(Contacts!$C:$C,MATCH(C235,Contacts!$F:$F,0)),"") -> מיה איל | E235: =IFERROR(INDEX(Contacts!$E:$E,MATCH(C235,Contacts!$F:$F,0)),"") -> innovation Africa | F235: Email | G235: בקשה לפגישה עם יפעת | H235: Shir | I235: סטטוס | J235: 46099 | K235: Waiting of answer | L235: =TEXT(B235,"YYYY-MM-DD")&C235 -> 2026-03-15maya@innoafrica.org
A236: =IF(tblOutreachLog[[#This Row],[Interaction Date]]<>0,ROW()-1,"") -> 235 | B236: 46096 | C236: nickyl@mor.org.il | D236: =IFERROR(INDEX(Contacts!$B:$B,MATCH(C236,Contacts!$F:$F,0))&" "&INDEX(Contacts!$C:$C,MATCH(C236,Contacts!$F:$F,0)),"") -> ניקי | E236: =IFERROR(INDEX(Contacts!$E:$E,MATCH(C236,Contacts!$F:$F,0)),"") -> מור - מנכל מכון מור | F236: Email | G236: בקשה פגישה | H236: Shir | I236: סטטוס | J236: 46099 | K236: Waiting of answer | L236: =TEXT(B236,"YYYY-MM-DD")&C236 -> 2026-03-15nickyl@mor.org.il
A237: =IF(tblOutreachLog[[#This Row],[Interaction Date]]<>0,ROW()-1,"") -> 236 | B237: 46096 | C237: Daya@taryag-group.com | D237: =IFERROR(INDEX(Contacts!$B:$B,MATCH(C237,Contacts!$F:$F,0))&" "&INDEX(Contacts!$C:$C,MATCH(C237,Contacts!$F:$F,0)),"") -> דיה לטוין | E237: =IFERROR(INDEX(Contacts!$E:$E,MATCH(C237,Contacts!$F:$F,0)),"") -> תריג עיקור ומעבדות בעמ | F237: Email | G237: Scheduale meeting with Alex & Yipaht | H237: Shir | I237: סטטוס | J237: 46096 | K237: Waiting of answer | L237: =TEXT(B237,"YYYY-MM-DD")&C237 -> 2026-03-15Daya@taryag-group.com
A238: =IF(tblOutreachLog[[#This Row],[Interaction Date]]<>0,ROW()-1,"") -> 237 | B238: 46098 | C238: uriel@norterra.co.il | D238: =IFERROR(INDEX(Contacts!$B:$B,MATCH(C238,Contacts!$F:$F,0))&" "&INDEX(Contacts!$C:$C,MATCH(C238,Contacts!$F:$F,0)),"") -> אוריאל פרמן | E238: =IFERROR(INDEX(Contacts!$E:$E,MATCH(C238,Contacts!$F:$F,0)),"") -> נורטרה | F238: Email | G238: Neat Intro & Oravel & AI | H238: Yiphat | I238: סטטוס | J238: 46143 | K238: Waiting of answer | L238: =TEXT(B238,"YYYY-MM-DD")&C238 -> 2026-03-17uriel@norterra.co.il
A239: =IF(tblOutreachLog[[#This Row],[Interaction Date]]<>0,ROW()-1,"") -> 238 | B239: 46104 | C239: pninit@biotization.com | D239: =IFERROR(INDEX(Contacts!$B:$B,MATCH(C239,Contacts!$F:$F,0))&" "&INDEX(Contacts!$C:$C,MATCH(C239,Contacts!$F:$F,0)),"") -> פנינית גלבוע טל | E239: =IFERROR(INDEX(Contacts!$E:$E,MATCH(C239,Contacts!$F:$F,0)),"") -> Biotization | F239: Email | G239: R&D, כלי AI | H239: Shir | K239: Done | L239: =TEXT(B239,"YYYY-MM-DD")&C239 -> 2026-03-23pninit@biotization.com
A240: =IF(tblOutreachLog[[#This Row],[Interaction Date]]<>0,ROW()-1,"") -> 239 | B240: 46104 | C240: gidi@hemispheric.ai | D240: =IFERROR(INDEX(Contacts!$B:$B,MATCH(C240,Contacts!$F:$F,0))&" "&INDEX(Contacts!$C:$C,MATCH(C240,Contacts!$F:$F,0)),"") -> גידי ליטווין | E240: =IFERROR(INDEX(Contacts!$E:$E,MATCH(C240,Contacts!$F:$F,0)),"") -> HEMISPHERIC AI | F240: Email | G240: גיוס, A_I | H240: Shir | K240: Done | L240: =TEXT(B240,"YYYY-MM-DD")&C240 -> 2026-03-23gidi@hemispheric.ai
A241: =IF(tblOutreachLog[[#This Row],[Interaction Date]]<>0,ROW()-1,"") -> 240 | B241: 46104 | C241: hagai@hemispheric.ai | D241: =IFERROR(INDEX(Contacts!$B:$B,MATCH(C241,Contacts!$F:$F,0))&" "&INDEX(Contacts!$C:$C,MATCH(C241,Contacts!$F:$F,0)),"") -> חגי לאלאזר | E241: =IFERROR(INDEX(Contacts!$E:$E,MATCH(C241,Contacts!$F:$F,0)),"") -> HEMISPHERIC AI | F241: Email | G241: גיוס, A_I | H241: Shir | K241: Done | L241: =TEXT(B241,"YYYY-MM-DD")&C241 -> 2026-03-23hagai@hemispheric.ai
A242: =IF(tblOutreachLog[[#This Row],[Interaction Date]]<>0,ROW()-1,"") -> 241 | B242: 46104 | C242: talelazar@siopt.ai | D242: =IFERROR(INDEX(Contacts!$B:$B,MATCH(C242,Contacts!$F:$F,0))&" "&INDEX(Contacts!$C:$C,MATCH(C242,Contacts!$F:$F,0)),"") -> טל אלעזר | E242: =IFERROR(INDEX(Contacts!$E:$E,MATCH(C242,Contacts!$F:$F,0)),"") -> SiOpt Systems | F242: Email | G242: גיוס, A_I | H242: Shir | K242: Done | L242: =TEXT(B242,"YYYY-MM-DD")&C242 -> 2026-03-23talelazar@siopt.ai
A243: =IF(tblOutreachLog[[#This Row],[Interaction Date]]<>0,ROW()-1,"") -> 242 | B243: 46104 | C243: segeva@tiki100.com | D243: =IFERROR(INDEX(Contacts!$B:$B,MATCH(C243,Contacts!$F:$F,0))&" "&INDEX(Contacts!$C:$C,MATCH(C243,Contacts!$F:$F,0)),"") -> אבי שגב | E243: =IFERROR(INDEX(Contacts!$E:$E,MATCH(C243,Contacts!$F:$F,0)),"") -> TIKI100 | F243: Email | G243: R&D | H243: Shir | I243: הצעת מחיר | J243: 46115 | K243: Waiting of answer | L243: =TEXT(B243,"YYYY-MM-DD")&C243 -> 2026-03-23segeva@tiki100.com
A244: =IF(tblOutreachLog[[#This Row],[Interaction Date]]<>0,ROW()-1,"") -> 243 | B244: 46104 | C244: bgn@in.bgu | D244: =IFERROR(INDEX(Contacts!$B:$B,MATCH(C244,Contacts!$F:$F,0))&" "&INDEX(Contacts!$C:$C,MATCH(C244,Contacts!$F:$F,0)),"") | E244: =IFERROR(INDEX(Contacts!$E:$E,MATCH(C244,Contacts!$F:$F,0)),"") | F244: Email | G244: ייעוץ ופיתוח בהעברה ממחקר לישום, כלי AI | H244: Shir | K244: Done | L244: =TEXT(B244,"YYYY-MM-DD")&C244 -> 2026-03-23bgn@in.bgu
A245: =IF(tblOutreachLog[[#This Row],[Interaction Date]]<>0,ROW()-1,"") -> 244 | B245: 46104 | C245: talor@ehealthventures.com | D245: =IFERROR(INDEX(Contacts!$B:$B,MATCH(C245,Contacts!$F:$F,0))&" "&INDEX(Contacts!$C:$C,MATCH(C245,Contacts!$F:$F,0)),"") -> תלאור סקס | E245: =IFERROR(INDEX(Contacts!$E:$E,MATCH(C245,Contacts!$F:$F,0)),"") -> אי אייץ' וי ישראל | F245: Email | G245: ייעוץ לפרוטפוליו | H245: Shir | K245: Done | L245: =TEXT(B245,"YYYY-MM-DD")&C245 -> 2026-03-23talor@ehealthventures.com
A246: =IF(tblOutreachLog[[#This Row],[Interaction Date]]<>0,ROW()-1,"") -> 245 | B246: 46104 | C246: ophir@ehealthventures.com | D246: =IFERROR(INDEX(Contacts!$B:$B,MATCH(C246,Contacts!$F:$F,0))&" "&INDEX(Contacts!$C:$C,MATCH(C246,Contacts!$F:$F,0)),"") -> אופיר שהף | E246: =IFERROR(INDEX(Contacts!$E:$E,MATCH(C246,Contacts!$F:$F,0)),"") -> אי אייץ' וי ישראל | F246: Email | G246: ייעוץ לפרוטפוליו | H246: Shir | K246: Done | L246: =TEXT(B246,"YYYY-MM-DD")&C246 -> 2026-03-23ophir@ehealthventures.com
A247: =IF(tblOutreachLog[[#This Row],[Interaction Date]]<>0,ROW()-1,"") -> 246 | B247: 46104 | C247: itay@insignito.co.il | D247: =IFERROR(INDEX(Contacts!$B:$B,MATCH(C247,Contacts!$F:$F,0))&" "&INDEX(Contacts!$C:$C,MATCH(C247,Contacts!$F:$F,0)),"") -> איתי נוריאן | E247: =IFERROR(INDEX(Contacts!$E:$E,MATCH(C247,Contacts!$F:$F,0)),"") -> אינסיגניטו פתרונות | F247: Email | G247: גיוס, A_I, R&D | H247: Shir | K247: Done | L247: =TEXT(B247,"YYYY-MM-DD")&C247 -> 2026-03-23itay@insignito.co.il
A248: =IF(tblOutreachLog[[#This Row],[Interaction Date]]<>0,ROW()-1,"") -> 247 | B248: 46104 | C248: hilik@l2xlabs.com | D248: =IFERROR(INDEX(Contacts!$B:$B,MATCH(C248,Contacts!$F:$F,0))&" "&INDEX(Contacts!$C:$C,MATCH(C248,Contacts!$F:$F,0)),"") -> יחיאל פרנק | E248: =IFERROR(INDEX(Contacts!$E:$E,MATCH(C248,Contacts!$F:$F,0)),"") -> אל2אקס | F248: Email | G248: גיוס, A_I | H248: Shir | K248: Done | L248: =TEXT(B248,"YYYY-MM-DD")&C248 -> 2026-03-23hilik@l2xlabs.com
A249: =IF(tblOutreachLog[[#This Row],[Interaction Date]]<>0,ROW()-1,"") -> 248 | B249: 46104 | C249: hilik@l2xlabs.com | D249: =IFERROR(INDEX(Contacts!$B:$B,MATCH(C249,Contacts!$F:$F,0))&" "&INDEX(Contacts!$C:$C,MATCH(C249,Contacts!$F:$F,0)),"") -> יחיאל פרנק | E249: =IFERROR(INDEX(Contacts!$E:$E,MATCH(C249,Contacts!$F:$F,0)),"") -> אל2אקס | F249: Email | G249: גיוס, A_I | H249: Shir | K249: Done | L249: =TEXT(B249,"YYYY-MM-DD")&C249 -> 2026-03-23hilik@l2xlabs.com
A250: =IF(tblOutreachLog[[#This Row],[Interaction Date]]<>0,ROW()-1,"") -> 249 | B250: 46104 | C250: daniella@elbitsystems.com | D250: =IFERROR(INDEX(Contacts!$B:$B,MATCH(C250,Contacts!$F:$F,0))&" "&INDEX(Contacts!$C:$C,MATCH(C250,Contacts!$F:$F,0)),"") -> דניאלה פין | E250: =IFERROR(INDEX(Contacts!$E:$E,MATCH(C250,Contacts!$F:$F,0)),"") -> אלביט מערכות | F250: Email | G250: R&D, כלי AI | H250: Shir | K250: Done | L250: =TEXT(B250,"YYYY-MM-DD")&C250 -> 2026-03-23daniella@elbitsystems.com
A251: =IF(tblOutreachLog[[#This Row],[Interaction Date]]<>0,ROW()-1,"") -> 250 | B251: 46104 | C251: jonathan@elbitsystems.com | D251: =IFERROR(INDEX(Contacts!$B:$B,MATCH(C251,Contacts!$F:$F,0))&" "&INDEX(Contacts!$C:$C,MATCH(C251,Contacts!$F:$F,0)),"") | E251: =IFERROR(INDEX(Contacts!$E:$E,MATCH(C251,Contacts!$F:$F,0)),"") | F251: Email | G251: R&D, כלי AI | H251: Shir | K251: Done | L251: =TEXT(B251,"YYYY-MM-DD")&C251 -> 2026-03-23jonathan@elbitsystems.com
A252: =IF(tblOutreachLog[[#This Row],[Interaction Date]]<>0,ROW()-1,"") -> 251 | B252: 46104 | C252: bezhalel@elbitsystems.com | D252: =IFERROR(INDEX(Contacts!$B:$B,MATCH(C252,Contacts!$F:$F,0))&" "&INDEX(Contacts!$C:$C,MATCH(C252,Contacts!$F:$F,0)),"") | E252: =IFERROR(INDEX(Contacts!$E:$E,MATCH(C252,Contacts!$F:$F,0)),"") | F252: Email | G252: R&D, כלי AI | H252: Shir | K252: Done | L252: =TEXT(B252,"YYYY-MM-DD")&C252 -> 2026-03-23bezhalel@elbitsystems.com
A253: =IF(tblOutreachLog[[#This Row],[Interaction Date]]<>0,ROW()-1,"") -> 252 | B253: 46104 | C253: haim@elbitsystems.com | D253: =IFERROR(INDEX(Contacts!$B:$B,MATCH(C253,Contacts!$F:$F,0))&" "&INDEX(Contacts!$C:$C,MATCH(C253,Contacts!$F:$F,0)),"") | E253: =IFERROR(INDEX(Contacts!$E:$E,MATCH(C253,Contacts!$F:$F,0)),"") | F253: Email | G253: R&D, כלי AI | H253: Shir | K253: Done | L253: =TEXT(B253,"YYYY-MM-DD")&C253 -> 2026-03-23haim@elbitsystems.com
A254: =IF(tblOutreachLog[[#This Row],[Interaction Date]]<>0,ROW()-1,"") -> 253 | B254: 46104 | C254: yaacov@elbitsystems.com | D254: =IFERROR(INDEX(Contacts!$B:$B,MATCH(C254,Contacts!$F:$F,0))&" "&INDEX(Contacts!$C:$C,MATCH(C254,Contacts!$F:$F,0)),"") | E254: =IFERROR(INDEX(Contacts!$E:$E,MATCH(C254,Contacts!$F:$F,0)),"") | F254: Email | G254: R&D, כלי AI | H254: Shir | K254: Done | L254: =TEXT(B254,"YYYY-MM-DD")&C254 -> 2026-03-23yaacov@elbitsystems.com
A255: =IF(tblOutreachLog[[#This Row],[Interaction Date]]<>0,ROW()-1,"") -> 254 | B255: 46104 | C255: nizar@ngt3vc.com | D255: =IFERROR(INDEX(Contacts!$B:$B,MATCH(C255,Contacts!$F:$F,0))&" "&INDEX(Contacts!$C:$C,MATCH(C255,Contacts!$F:$F,0)),"") -> ניזאר משאל | E255: =IFERROR(INDEX(Contacts!$E:$E,MATCH(C255,Contacts!$F:$F,0)),"") -> אן.ג'י.טי. הלטקייר 2 ש.מ | F255: Email | G255: גיוס, A_I, R&D | H255: Shir | K255: Done | L255: =TEXT(B255,"YYYY-MM-DD")&C255 -> 2026-03-23nizar@ngt3vc.com
... A302: =IF(tblOutreachLog[[#This Row],[Interaction Date]]<>0,ROW()-1,"") -> 301 | B302: 46104 | C302: orir@gmc.gov.il | D302: =IFERROR(INDEX(Contacts!$B:$B,MATCH(C302,Contacts!$F:$F,0))&" "&INDEX(Contacts!$C:$C,MATCH(C302,Contacts!$F:$F,0)),"") -> אורי רט | E302: =IFERROR(INDEX(Contacts!$E:$E,MATCH(C302,Contacts!$F:$F,0)),"") -> תאגיד הבריאות ליד בי"ח לגליל המערבי | F302: Email | G302: ייעוץ לפרוטפוליו | H302: Shir | K302: Done | L302: =TEXT(B302,"YYYY-MM-DD")&C302 -> 2026-03-23orir@gmc.gov.il
A303: =IF(tblOutreachLog[[#This Row],[Interaction Date]]<>0,ROW()-1,"") -> 302 | B303: 46117 | C303: rbalicer@clalit.org.il | D303: =IFERROR(INDEX(Contacts!$B:$B,MATCH(C303,Contacts!$F:$F,0))&" "&INDEX(Contacts!$C:$C,MATCH(C303,Contacts!$F:$F,0)),"") -> רן בליסר | E303: =IFERROR(INDEX(Contacts!$E:$E,MATCH(C303,Contacts!$F:$F,0)),"") -> מערך החדשנות של קופ"ח כללית | F303: Email | G303: הזמנה לפגישה | H303: Shir | I303: סטטוס | J303: 46124 | K303: Waiting of answer | L303: =TEXT(B303,"YYYY-MM-DD")&C303 -> 2026-04-05rbalicer@clalit.org.il
A304: =IF(tblOutreachLog[[#This Row],[Interaction Date]]<>0,ROW()-1,"") -> 303 | B304: 46117 | C304: reut.ohana@clalit.org.il | D304: =IFERROR(INDEX(Contacts!$B:$B,MATCH(C304,Contacts!$F:$F,0))&" "&INDEX(Contacts!$C:$C,MATCH(C304,Contacts!$F:$F,0)),"") -> רעות אוחנה | E304: =IFERROR(INDEX(Contacts!$E:$E,MATCH(C304,Contacts!$F:$F,0)),"") -> מערך החדשנות של קופ"ח כללית | F304: Email | G304: הזמנה לפגישה | H304: Shir | I304: סטטוס | J304: 46124 | K304: Waiting of answer | L304: =TEXT(B304,"YYYY-MM-DD")&C304 -> 2026-04-05reut.ohana@clalit.org.il
A305: =IF(tblOutreachLog[[#This Row],[Interaction Date]]<>0,ROW()-1,"") -> 304 | B305: 46126 | C305: mb@6degrees.tech | D305: =IFERROR(INDEX(Contacts!$B:$B,MATCH(C305,Contacts!$F:$F,0))&" "&INDEX(Contacts!$C:$C,MATCH(C305,Contacts!$F:$F,0)),"") -> מירי ברגר | E305: =IFERROR(INDEX(Contacts!$E:$E,MATCH(C305,Contacts!$F:$F,0)),"") -> 6 מעלות | F305: Email | G305: R&D, כלי AI | H305: Shir | K305: Waiting of answer | L305: =TEXT(B305,"YYYY-MM-DD")&C305 -> 2026-04-14mb@6degrees.tech
A306: =IF(tblOutreachLog[[#This Row],[Interaction Date]]<>0,ROW()-1,"") -> 305 | B306: 46126 | C306: michael@agesenergy.com | D306: =IFERROR(INDEX(Contacts!$B:$B,MATCH(C306,Contacts!$F:$F,0))&" "&INDEX(Contacts!$C:$C,MATCH(C306,Contacts!$F:$F,0)),"") -> מיכאל יפרח | E306: =IFERROR(INDEX(Contacts!$E:$E,MATCH(C306,Contacts!$F:$F,0)),"") -> AGES Energy Ltd | F306: Email | G306: R&D | H306: Shir | K306: Waiting of answer | L306: =TEXT(B306,"YYYY-MM-DD")&C306 -> 2026-04-14michael@agesenergy.com
A307: =IF(tblOutreachLog[[#This Row],[Interaction Date]]<>0,ROW()-1,"") -> 306 | B307: 46126 | C307: yarden.biagnosis@gmail.com | D307: =IFERROR(INDEX(Contacts!$B:$B,MATCH(C307,Contacts!$F:$F,0))&" "&INDEX(Contacts!$C:$C,MATCH(C307,Contacts!$F:$F,0)),"") -> ירדן קציר | E307: =IFERROR(INDEX(Contacts!$E:$E,MATCH(C307,Contacts!$F:$F,0)),"") -> BIAGNOSIS LTD | F307: Email | G307: כלי AI | H307: Shir | K307: Waiting of answer | L307: =TEXT(B307,"YYYY-MM-DD")&C307 -> 2026-04-14yarden.biagnosis@gmail.com
A308: =IF(tblOutreachLog[[#This Row],[Interaction Date]]<>0,ROW()-1,"") -> 307 | B308: 46126 | C308: moran@binata.com | D308: =IFERROR(INDEX(Contacts!$B:$B,MATCH(C308,Contacts!$F:$F,0))&" "&INDEX(Contacts!$C:$C,MATCH(C308,Contacts!$F:$F,0)),"") -> מורן טל | E308: =IFERROR(INDEX(Contacts!$E:$E,MATCH(C308,Contacts!$F:$F,0)),"") -> Binata Ltd | F308: Email | G308: A_I, R&D, כלי AI | H308: Shir | K308: Waiting of answer | L308: =TEXT(B308,"YYYY-MM-DD")&C308 -> 2026-04-14moran@binata.com
A309: =IF(tblOutreachLog[[#This Row],[Interaction Date]]<>0,ROW()-1,"") -> 308 | B309: 46126 | C309: asafshalev@bio-barrier.com | D309: =IFERROR(INDEX(Contacts!$B:$B,MATCH(C309,Contacts!$F:$F,0))&" "&INDEX(Contacts!$C:$C,MATCH(C309,Contacts!$F:$F,0)),"") -> אסף שלו | E309: =IFERROR(INDEX(Contacts!$E:$E,MATCH(C309,Contacts!$F:$F,0)),"") -> BIO BARRIER NOSOCOMIAL INFECTIONS PREVENTION LTD | F309: Email | G309: R&D, A_I, כלי AI, גיוס | H309: Shir | K309: Waiting of answer | L309: =TEXT(B309,"YYYY-MM-DD")&C309 -> 2026-04-14asafshalev@bio-barrier.com
A310: =IF(tblOutreachLog[[#This Row],[Interaction Date]]<>0,ROW()-1,"") -> 309 | B310: 46126 | C310: gal@harvestrag.com | D310: =IFERROR(INDEX(Contacts!$B:$B,MATCH(C310,Contacts!$F:$F,0))&" "&INDEX(Contacts!$C:$C,MATCH(C310,Contacts!$F:$F,0)),"") -> גל אדמתי | E310: =IFERROR(INDEX(Contacts!$E:$E,MATCH(C310,Contacts!$F:$F,0)),"") -> Fungit Biosolutions | F310: Email | G310: R&D, גיוס | H310: Shir | K310: Waiting of answer | L310: =TEXT(B310,"YYYY-MM-DD")&C310 -> 2026-04-14gal@harvestrag.com
A311: =IF(tblOutreachLog[[#This Row],[Interaction Date]]<>0,ROW()-1,"") -> 310 | B311: 46126 | C311: kobis@inori.co.il | D311: =IFERROR(INDEX(Contacts!$B:$B,MATCH(C311,Contacts!$F:$F,0))&" "&INDEX(Contacts!$C:$C,MATCH(C311,Contacts!$F:$F,0)),"") -> יעקב שמואלי | E311: =IFERROR(INDEX(Contacts!$E:$E,MATCH(C311,Contacts!$F:$F,0)),"") -> INORI Finance LDT | F311: Email | G311: R&D, כלי AI | H311: Shir | K311: Waiting of answer | L311: =TEXT(B311,"YYYY-MM-DD")&C311 -> 2026-04-14kobis@inori.co.il
A312: =IF(tblOutreachLog[[#This Row],[Interaction Date]]<>0,ROW()-1,"") -> 311 | B312: 46126 | C312: eranofer1988@gmail.com | D312: =IFERROR(INDEX(Contacts!$B:$B,MATCH(C312,Contacts!$F:$F,0))&" "&INDEX(Contacts!$C:$C,MATCH(C312,Contacts!$F:$F,0)),"") -> ערן עפר | E312: =IFERROR(INDEX(Contacts!$E:$E,MATCH(C312,Contacts!$F:$F,0)),"") -> Konnect - Volkswagen Innovation Hub | F312: Email | G312: ייעוץ לפרוטפוליו | H312: Shir | K312: Waiting of answer | L312: =TEXT(B312,"YYYY-MM-DD")&C312 -> 2026-04-14eranofer1988@gmail.com
A313: =IF(tblOutreachLog[[#This Row],[Interaction Date]]<>0,ROW()-1,"") -> 312 | B313: 46126 | C313: ohadschindler@gmail.com | D313: =IFERROR(INDEX(Contacts!$B:$B,MATCH(C313,Contacts!$F:$F,0))&" "&INDEX(Contacts!$C:$C,MATCH(C313,Contacts!$F:$F,0)),"") -> אוהד שינדלר | E313: =IFERROR(INDEX(Contacts!$E:$E,MATCH(C313,Contacts!$F:$F,0)),"") -> LCAi Ltd | F313: Email | G313: A_I, כלי AI | H313: Shir | K313: Waiting of answer | L313: =TEXT(B313,"YYYY-MM-DD")&C313 -> 2026-04-14ohadschindler@gmail.com
A314: =IF(tblOutreachLog[[#This Row],[Interaction Date]]<>0,ROW()-1,"") -> 313 | B314: 46126 | C314: shaul@ligenerate.com | D314: =IFERROR(INDEX(Contacts!$B:$B,MATCH(C314,Contacts!$F:$F,0))&" "&INDEX(Contacts!$C:$C,MATCH(C314,Contacts!$F:$F,0)),"") -> שאול בובליל | E314: =IFERROR(INDEX(Contacts!$E:$E,MATCH(C314,Contacts!$F:$F,0)),"") -> Li-Generate | F314: Email | G314: R&D, כלי AI | H314: Shir | K314: Waiting of answer | L314: =TEXT(B314,"YYYY-MM-DD")&C314 -> 2026-04-14shaul@ligenerate.com
A315: =IF(tblOutreachLog[[#This Row],[Interaction Date]]<>0,ROW()-1,"") -> 314 | B315: 46126 | C315: jaouibenjamin@gmail.com | D315: =IFERROR(INDEX(Contacts!$B:$B,MATCH(C315,Contacts!$F:$F,0))&" "&INDEX(Contacts!$C:$C,MATCH(C315,Contacts!$F:$F,0)),"") -> בנימין ז׳אווי | E315: =IFERROR(INDEX(Contacts!$E:$E,MATCH(C315,Contacts!$F:$F,0)),"") -> liveperson | F315: Email | G315: A_I, כלי AI | H315: Shir | K315: Waiting of answer | L315: =TEXT(B315,"YYYY-MM-DD")&C315 -> 2026-04-14jaouibenjamin@gmail.com
A316: =IF(tblOutreachLog[[#This Row],[Interaction Date]]<>0,ROW()-1,"") -> 315 | B316: 46126 | C316: ahg@marine-edge.com | D316: =IFERROR(INDEX(Contacts!$B:$B,MATCH(C316,Contacts!$F:$F,0))&" "&INDEX(Contacts!$C:$C,MATCH(C316,Contacts!$F:$F,0)),"") -> עמיחי חיים גרוס | E316: =IFERROR(INDEX(Contacts!$E:$E,MATCH(C316,Contacts!$F:$F,0)),"") -> Marine Edge | F316: Email | G316: A_I, R&D, כלי AI | H316: Shir | K316: Waiting of answer | L316: =TEXT(B316,"YYYY-MM-DD")&C316 -> 2026-04-14ahg@marine-edge.com
... A322: =IF(tblOutreachLog[[#This Row],[Interaction Date]]<>0,ROW()-1,"") -> 321 | B322: 46126 | C322: shlez4c@gmail.com | D322: =IFERROR(INDEX(Contacts!$B:$B,MATCH(C322,Contacts!$F:$F,0))&" "&INDEX(Contacts!$C:$C,MATCH(C322,Contacts!$F:$F,0)),"") -> חיים שלזינגר | E322: =IFERROR(INDEX(Contacts!$E:$E,MATCH(C322,Contacts!$F:$F,0)),"") -> O.Y.M INNOVATION LTD | F322: Email | G322: R&D | H322: Shir | K322: Waiting of answer | L322: =TEXT(B322,"YYYY-MM-DD")&C322 -> 2026-04-14shlez4c@gmail.com
A323: =IF(tblOutreachLog[[#This Row],[Interaction Date]]<>0,ROW()-1,"") -> 322 | B323: 46126 | C323: rafi.harel@opsys-tech.com | D323: =IFERROR(INDEX(Contacts!$B:$B,MATCH(C323,Contacts!$F:$F,0))&" "&INDEX(Contacts!$C:$C,MATCH(C323,Contacts!$F:$F,0)),"") -> רפי הארל | E323: =IFERROR(INDEX(Contacts!$E:$E,MATCH(C323,Contacts!$F:$F,0)),"") -> Opsys Tech Ltd | F323: Email | G323: R&D, גיוס, כלי AI | H323: Shir | I323: סטטוס | J323: 46203 | K323: In Progress | L323: =TEXT(B323,"YYYY-MM-DD")&C323 -> 2026-04-14rafi.harel@opsys-tech.com
A324: =IF(tblOutreachLog[[#This Row],[Interaction Date]]<>0,ROW()-1,"") -> 323 | B324: 46126 | C324: nava@renalyte.com | D324: =IFERROR(INDEX(Contacts!$B:$B,MATCH(C324,Contacts!$F:$F,0))&" "&INDEX(Contacts!$C:$C,MATCH(C324,Contacts!$F:$F,0)),"") -> נאוה בריט בן דוד | E324: =IFERROR(INDEX(Contacts!$E:$E,MATCH(C324,Contacts!$F:$F,0)),"") -> Renalyte Medical | F324: Email | G324: R&D, כלי AI | H324: Shir | K324: Waiting of answer | L324: =TEXT(B324,"YYYY-MM-DD")&C324 -> 2026-04-14nava@renalyte.com
A325: =IF(tblOutreachLog[[#This Row],[Interaction Date]]<>0,ROW()-1,"") -> 324 | B325: 46126 | C325: tzvika@silentium.com | D325: =IFERROR(INDEX(Contacts!$B:$B,MATCH(C325,Contacts!$F:$F,0))&" "&INDEX(Contacts!$C:$C,MATCH(C325,Contacts!$F:$F,0)),"") -> צביקה פרידמאן | E325: =IFERROR(INDEX(Contacts!$E:$E,MATCH(C325,Contacts!$F:$F,0)),"") -> silentium | F325: Email | G325: R&D | H325: Shir | K325: Waiting of answer | L325: =TEXT(B325,"YYYY-MM-DD")&C325 -> 2026-04-14tzvika@silentium.com
A326: =IF(tblOutreachLog[[#This Row],[Interaction Date]]<>0,ROW()-1,"") -> 325 | B326: 46126 | C326: tzvikfr@gmail.com | D326: =IFERROR(INDEX(Contacts!$B:$B,MATCH(C326,Contacts!$F:$F,0))&" "&INDEX(Contacts!$C:$C,MATCH(C326,Contacts!$F:$F,0)),"") -> צביקה פרידמן | E326: =IFERROR(INDEX(Contacts!$E:$E,MATCH(C326,Contacts!$F:$F,0)),"") -> silentium | F326: Email | G326: R&D | H326: Shir | K326: Waiting of answer | L326: =TEXT(B326,"YYYY-MM-DD")&C326 -> 2026-04-14tzvikfr@gmail.com
A327: =IF(tblOutreachLog[[#This Row],[Interaction Date]]<>0,ROW()-1,"") -> 326 | B327: 46126 | C327: nir@topivision.com | D327: =IFERROR(INDEX(Contacts!$B:$B,MATCH(C327,Contacts!$F:$F,0))&" "&INDEX(Contacts!$C:$C,MATCH(C327,Contacts!$F:$F,0)),"") -> ניר שן-טל | E327: =IFERROR(INDEX(Contacts!$E:$E,MATCH(C327,Contacts!$F:$F,0)),"") -> Top i vision LTD | F327: Email | G327: R&D, פיתוח לתהליכי ייצור, כלי AI | H327: Shir | I327: מייל תשובה | J327: 46126 | K327: Done | L327: =TEXT(B327,"YYYY-MM-DD")&C327 -> 2026-04-14nir@topivision.com
A328: =IF(tblOutreachLog[[#This Row],[Interaction Date]]<>0,ROW()-1,"") -> 327 | B328: 46126 | C328: eric@evicure.bio | D328: =IFERROR(INDEX(Contacts!$B:$B,MATCH(C328,Contacts!$F:$F,0))&" "&INDEX(Contacts!$C:$C,MATCH(C328,Contacts!$F:$F,0)),"") -> אריק מסיקה | E328: =IFERROR(INDEX(Contacts!$E:$E,MATCH(C328,Contacts!$F:$F,0)),"") -> אבי-קיור בע"מ | F328: Email | G328: A_I, R&D, פיתוח לתהליכי ייצור, כלי AI | H328: Shir | K328: Waiting of answer | L328: =TEXT(B328,"YYYY-MM-DD")&C328 -> 2026-04-14eric@evicure.bio
A329: =IF(tblOutreachLog[[#This Row],[Interaction Date]]<>0,ROW()-1,"") -> 328 | B329: 46126 | C329: boazal@agilemri.com | D329: =IFERROR(INDEX(Contacts!$B:$B,MATCH(C329,Contacts!$F:$F,0))&" "&INDEX(Contacts!$C:$C,MATCH(C329,Contacts!$F:$F,0)),"") -> בעז אלמוג | E329: =IFERROR(INDEX(Contacts!$E:$E,MATCH(C329,Contacts!$F:$F,0)),"") -> אג'ייל מ.ר.י בע"מ | F329: Email | G329: A_I, R&D, כלי AI | H329: Shir | K329: Waiting of answer | L329: =TEXT(B329,"YYYY-MM-DD")&C329 -> 2026-04-14boazal@agilemri.com
A330: =IF(tblOutreachLog[[#This Row],[Interaction Date]]<>0,ROW()-1,"") -> 329 | B330: 46126 | C330: tzach@agadolive.com | D330: =IFERROR(INDEX(Contacts!$B:$B,MATCH(C330,Contacts!$F:$F,0))&" "&INDEX(Contacts!$C:$C,MATCH(C330,Contacts!$F:$F,0)),"") -> צח גורן | E330: =IFERROR(INDEX(Contacts!$E:$E,MATCH(C330,Contacts!$F:$F,0)),"") -> אגאדו לייב בע"מ | F330: Email | G330: R&D, כלי AI | H330: Shir | K330: Waiting of answer | L330: =TEXT(B330,"YYYY-MM-DD")&C330 -> 2026-04-14tzach@agadolive.com
A331: =IF(tblOutreachLog[[#This Row],[Interaction Date]]<>0,ROW()-1,"") -> 330 | B331: 46126 | C331: siwar.a8@gmail.com | D331: =IFERROR(INDEX(Contacts!$B:$B,MATCH(C331,Contacts!$F:$F,0))&" "&INDEX(Contacts!$C:$C,MATCH(C331,Contacts!$F:$F,0)),"") -> סיואר אסילי | E331: =IFERROR(INDEX(Contacts!$E:$E,MATCH(C331,Contacts!$F:$F,0)),"") -> אגודת הגליל למחקר ופיתוח הבריאות | F331: Email | G331: יעוץ ופיתוח בהעברה ממחקר לישום, כלי AI | H331: Shir | K331: Waiting of answer | L331: =TEXT(B331,"YYYY-MM-DD")&C331 -> 2026-04-14siwar.a8@gmail.com
A332: =IF(tblOutreachLog[[#This Row],[Interaction Date]]<>0,ROW()-1,"") -> 331 | B332: 46126 | C332: michal@agamonhealth.com | D332: =IFERROR(INDEX(Contacts!$B:$B,MATCH(C332,Contacts!$F:$F,0))&" "&INDEX(Contacts!$C:$C,MATCH(C332,Contacts!$F:$F,0)),"") -> מיכל מאירי | E332: =IFERROR(INDEX(Contacts!$E:$E,MATCH(C332,Contacts!$F:$F,0)),"") -> אגמונטק טכנולוגיות (ישראל) בע"מ | F332: Email | G332: A_I, R&D, כלי AI | H332: Shir | K332: Waiting of answer | L332: =TEXT(B332,"YYYY-MM-DD")&C332 -> 2026-04-14michal@agamonhealth.com
A333: =IF(tblOutreachLog[[#This Row],[Interaction Date]]<>0,ROW()-1,"") -> 332 | B333: 46126 | C333: liron.yanay@agripass.co | D333: =IFERROR(INDEX(Contacts!$B:$B,MATCH(C333,Contacts!$F:$F,0))&" "&INDEX(Contacts!$C:$C,MATCH(C333,Contacts!$F:$F,0)),"") -> לירון כהן-ינאי | E333: =IFERROR(INDEX(Contacts!$E:$E,MATCH(C333,Contacts!$F:$F,0)),"") -> אגריפס רובוטיקס | F333: Email | G333: A_I, R&D | H333: Shir | K333: Waiting of answer | L333: =TEXT(B333,"YYYY-MM-DD")&C333 -> 2026-04-14liron.yanay@agripass.co
A334: =IF(tblOutreachLog[[#This Row],[Interaction Date]]<>0,ROW()-1,"") -> 333 | B334: 46126 | C334: avichai.hp@addionics.com | D334: =IFERROR(INDEX(Contacts!$B:$B,MATCH(C334,Contacts!$F:$F,0))&" "&INDEX(Contacts!$C:$C,MATCH(C334,Contacts!$F:$F,0)),"") -> אביחי חיים פור | E334: =IFERROR(INDEX(Contacts!$E:$E,MATCH(C334,Contacts!$F:$F,0)),"") -> אדיוניקס ישראל בע"מ | F334: Email | G334: A_I, R&D, כלי AI | H334: Shir | K334: Waiting of answer | L334: =TEXT(B334,"YYYY-MM-DD")&C334 -> 2026-04-14avichai.hp@addionics.com
A335: =IF(tblOutreachLog[[#This Row],[Interaction Date]]<>0,ROW()-1,"") -> 334 | B335: 46126 | C335: tamir.shaked@oligobiotech.com | D335: =IFERROR(INDEX(Contacts!$B:$B,MATCH(C335,Contacts!$F:$F,0))&" "&INDEX(Contacts!$C:$C,MATCH(C335,Contacts!$F:$F,0)),"") -> תמיר שקד | E335: =IFERROR(INDEX(Contacts!$E:$E,MATCH(C335,Contacts!$F:$F,0)),"") -> אוליגו ביוטק בע"מ | F335: Email | G335: כלי AI | H335: Shir | K335: Waiting of answer | L335: =TEXT(B335,"YYYY-MM-DD")&C335 -> 2026-04-14tamir.shaked@oligobiotech.com
A336: =IF(tblOutreachLog[[#This Row],[Interaction Date]]<>0,ROW()-1,"") -> 335 | B336: 46126 | C336: ealmog1@staff.haifa.ac.il | D336: =IFERROR(INDEX(Contacts!$B:$B,MATCH(C336,Contacts!$F:$F,0))&" "&INDEX(Contacts!$C:$C,MATCH(C336,Contacts!$F:$F,0)),"") -> אליק אלמוג | E336: =IFERROR(INDEX(Contacts!$E:$E,MATCH(C336,Contacts!$F:$F,0)),"") -> אוניברסיטת חיפה | F336: Email | G336: יעוץ ופיתוח בהעברה ממחקר לישום, כלי AI | H336: Shir | K336: Waiting of answer | L336: =TEXT(B336,"YYYY-MM-DD")&C336 -> 2026-04-14ealmog1@staff.haifa.ac.il
A337: =IF(tblOutreachLog[[#This Row],[Interaction Date]]<>0,ROW()-1,"") -> 336 | B337: 46126 | C337: kornberg@stanford.edu | D337: =IFERROR(INDEX(Contacts!$B:$B,MATCH(C337,Contacts!$F:$F,0))&" "&INDEX(Contacts!$C:$C,MATCH(C337,Contacts!$F:$F,0)),"") -> רוג'ר קורנברג | E337: =IFERROR(INDEX(Contacts!$E:$E,MATCH(C337,Contacts!$F:$F,0)),"") -> אטומיקס אר אקס בע"מ | F337: Email | G337: A_I, R&D | H337: Shir | K337: Waiting of answer | L337: =TEXT(B337,"YYYY-MM-DD")&C337 -> 2026-04-14kornberg@stanford.edu
A338: =IF(tblOutreachLog[[#This Row],[Interaction Date]]<>0,ROW()-1,"") -> 337 | B338: 46126 | C338: tamir@ai-blog.co.il | D338: =IFERROR(INDEX(Contacts!$B:$B,MATCH(C338,Contacts!$F:$F,0))&" "&INDEX(Contacts!$C:$C,MATCH(C338,Contacts!$F:$F,0)),"") -> תמיר נוה | E338: =IFERROR(INDEX(Contacts!$E:$E,MATCH(C338,Contacts!$F:$F,0)),"") -> אי אי פרום סקראפס בע"מ | F338: Email | G338: A_I, R&D | H338: Shir | K338: Waiting of answer | L338: =TEXT(B338,"YYYY-MM-DD")&C338 -> 2026-04-14tamir@ai-blog.co.il
A339: =IF(tblOutreachLog[[#This Row],[Interaction Date]]<>0,ROW()-1,"") -> 338 | B339: 46126 | C339: amir.h@esil.co.il | D339: =IFERROR(INDEX(Contacts!$B:$B,MATCH(C339,Contacts!$F:$F,0))&" "&INDEX(Contacts!$C:$C,MATCH(C339,Contacts!$F:$F,0)),"") -> אמיר הורוביץ | E339: =IFERROR(INDEX(Contacts!$E:$E,MATCH(C339,Contacts!$F:$F,0)),"") -> אי אס איי אל טכנולוגיות, שותפות מוגבלת | F339: Email | G339: ייעוץ לפרוטפוליו | H339: Shir | K339: Waiting of answer | L339: =TEXT(B339,"YYYY-MM-DD")&C339 -> 2026-04-14amir.h@esil.co.il
... A349: =IF(tblOutreachLog[[#This Row],[Interaction Date]]<>0,ROW()-1,"") -> 348 | B349: 46126 | C349: boris@ndt.co.il | D349: =IFERROR(INDEX(Contacts!$B:$B,MATCH(C349,Contacts!$F:$F,0))&" "&INDEX(Contacts!$C:$C,MATCH(C349,Contacts!$F:$F,0)),"") -> בוריס מורבין | E349: =IFERROR(INDEX(Contacts!$E:$E,MATCH(C349,Contacts!$F:$F,0)),"") -> אינטגריטי דיאגנוסטיקס בע"מ | F349: Email | G349: A_I, R&D, כלי AI | H349: Shir | K349: Waiting of answer | L349: =TEXT(B349,"YYYY-MM-DD")&C349 -> 2026-04-14boris@ndt.co.il
A350: =IF(tblOutreachLog[[#This Row],[Interaction Date]]<>0,ROW()-1,"") -> 349 | B350: 46126 | C350: zeev@infiniplex.life | D350: =IFERROR(INDEX(Contacts!$B:$B,MATCH(C350,Contacts!$F:$F,0))&" "&INDEX(Contacts!$C:$C,MATCH(C350,Contacts!$F:$F,0)),"") -> זאב רוסק | E350: =IFERROR(INDEX(Contacts!$E:$E,MATCH(C350,Contacts!$F:$F,0)),"") -> אינפיניפלקס בע"מ | F350: Email | G350: כלי AI, A_I | H350: Shir | I350: לא רלוונטי | K350: Done | L350: =TEXT(B350,"YYYY-MM-DD")&C350 -> 2026-04-14zeev@infiniplex.life
A351: =IF(tblOutreachLog[[#This Row],[Interaction Date]]<>0,ROW()-1,"") -> 350 | B351: 46126 | C351: asaf@elssway.com | D351: =IFERROR(INDEX(Contacts!$B:$B,MATCH(C351,Contacts!$F:$F,0))&" "&INDEX(Contacts!$C:$C,MATCH(C351,Contacts!$F:$F,0)),"") -> אסף אלסיבוני | E351: =IFERROR(INDEX(Contacts!$E:$E,MATCH(C351,Contacts!$F:$F,0)),"") -> אלסוויי בע"מ | F351: Email | G351: R&D, A_I, כלי AI, גיוס | H351: Shir | K351: Waiting of answer | L351: =TEXT(B351,"YYYY-MM-DD")&C351 -> 2026-04-14asaf@elssway.com
A352: =IF(tblOutreachLog[[#This Row],[Interaction Date]]<>0,ROW()-1,"") -> 351 | B352: 46126 | C352: Tobi@elssway.com | D352: =IFERROR(INDEX(Contacts!$B:$B,MATCH(C352,Contacts!$F:$F,0))&" "&INDEX(Contacts!$C:$C,MATCH(C352,Contacts!$F:$F,0)),"") -> טובי רוני | E352: =IFERROR(INDEX(Contacts!$E:$E,MATCH(C352,Contacts!$F:$F,0)),"") -> אלסוויי בע"מ | F352: Email | G352: כלי AI, פיתוח לתהליכי ייצור | H352: Shir | K352: Waiting of answer | L352: =TEXT(B352,"YYYY-MM-DD")&C352 -> 2026-04-14Tobi@elssway.com
A353: =IF(tblOutreachLog[[#This Row],[Interaction Date]]<>0,ROW()-1,"") -> 352 | B353: 46126 | C353: ariel.gispan@mail.huji.ac.il | D353: =IFERROR(INDEX(Contacts!$B:$B,MATCH(C353,Contacts!$F:$F,0))&" "&INDEX(Contacts!$C:$C,MATCH(C353,Contacts!$F:$F,0)),"") -> אריאל גיספאן | E353: =IFERROR(INDEX(Contacts!$E:$E,MATCH(C353,Contacts!$F:$F,0)),"") -> אמנדו | F353: Email | G353: יעוץ ופיתוח בהעברה ממחקר לישום | H353: Shir | K353: Waiting of answer | L353: =TEXT(B353,"YYYY-MM-DD")&C353 -> 2026-04-14ariel.gispan@mail.huji.ac.il
A354: =IF(tblOutreachLog[[#This Row],[Interaction Date]]<>0,ROW()-1,"") -> 353 | B354: 46126 | C354: offer@enervibe.co | D354: =IFERROR(INDEX(Contacts!$B:$B,MATCH(C354,Contacts!$F:$F,0))&" "&INDEX(Contacts!$C:$C,MATCH(C354,Contacts!$F:$F,0)),"") -> עפר שחר | E354: =IFERROR(INDEX(Contacts!$E:$E,MATCH(C354,Contacts!$F:$F,0)),"") -> אנרוויב בע"מ | F354: Email | G354: R&D, כלי AI, A_I | H354: Shir | K354: Waiting of answer | L354: =TEXT(B354,"YYYY-MM-DD")&C354 -> 2026-04-14offer@enervibe.co
A355: =IF(tblOutreachLog[[#This Row],[Interaction Date]]<>0,ROW()-1,"") -> 354 | B355: 46126 | C355: dan@asterixfoods.com | D355: =IFERROR(INDEX(Contacts!$B:$B,MATCH(C355,Contacts!$F:$F,0))&" "&INDEX(Contacts!$C:$C,MATCH(C355,Contacts!$F:$F,0)),"") -> דן אבן | E355: =IFERROR(INDEX(Contacts!$E:$E,MATCH(C355,Contacts!$F:$F,0)),"") -> אסטריקס פודס בע״מ | F355: Email | G355: R&D, פיתוח לתהליכי ייצור, כלי AI | H355: Shir | K355: Waiting of answer | L355: =TEXT(B355,"YYYY-MM-DD")&C355 -> 2026-04-14dan@asterixfoods.com
A356: =IF(tblOutreachLog[[#This Row],[Interaction Date]]<>0,ROW()-1,"") -> 355 | B356: 46126 | C356: idithm@afeka.ac.il | D356: =IFERROR(INDEX(Contacts!$B:$B,MATCH(C356,Contacts!$F:$F,0))&" "&INDEX(Contacts!$C:$C,MATCH(C356,Contacts!$F:$F,0)),"") -> עידית מלמד | E356: =IFERROR(INDEX(Contacts!$E:$E,MATCH(C356,Contacts!$F:$F,0)),"") -> אפקה המכללה האקדמית להנדסה בת"א | F356: Email | G356: ייעוץ לפרוטפוליו, ייעוץ ופיתוח בהעברה ממחקר ליישום | H356: Shir | K356: Waiting of answer | L356: =TEXT(B356,"YYYY-MM-DD")&C356 -> 2026-04-14idithm@afeka.ac.il
A357: =IF(tblOutreachLog[[#This Row],[Interaction Date]]<>0,ROW()-1,"") -> 356 | B357: 46126 | C357: barak@nice.com | D357: =IFERROR(INDEX(Contacts!$B:$B,MATCH(C357,Contacts!$F:$F,0))&" "&INDEX(Contacts!$C:$C,MATCH(C357,Contacts!$F:$F,0)),"") -> ברק איילם | E357: =IFERROR(INDEX(Contacts!$E:$E,MATCH(C357,Contacts!$F:$F,0)),"") -> אקטימייז | F357: Email | G357: R&D, כלי AI | H357: Shir | K357: Waiting of answer | L357: =TEXT(B357,"YYYY-MM-DD")&C357 -> 2026-04-14barak@nice.com
A358: =IF(tblOutreachLog[[#This Row],[Interaction Date]]<>0,ROW()-1,"") -> 357 | B358: 46126 | C358: bruria@axioma-in.com | D358: =IFERROR(INDEX(Contacts!$B:$B,MATCH(C358,Contacts!$F:$F,0))&" "&INDEX(Contacts!$C:$C,MATCH(C358,Contacts!$F:$F,0)),"") -> ברוריה כהן | E358: =IFERROR(INDEX(Contacts!$E:$E,MATCH(C358,Contacts!$F:$F,0)),"") -> אקסיומה רובוטיקס בע"מ | F358: Email | G358: A_I, R&D, כלי AI | H358: Shir | K358: Waiting of answer | L358: =TEXT(B358,"YYYY-MM-DD")&C358 -> 2026-04-14bruria@axioma-in.com
A359: =IF(tblOutreachLog[[#This Row],[Interaction Date]]<>0,ROW()-1,"") -> 358 | B359: 46126 | C359: amir@axioma-in.com | D359: =IFERROR(INDEX(Contacts!$B:$B,MATCH(C359,Contacts!$F:$F,0))&" "&INDEX(Contacts!$C:$C,MATCH(C359,Contacts!$F:$F,0)),"") -> אמיר ממט | E359: =IFERROR(INDEX(Contacts!$E:$E,MATCH(C359,Contacts!$F:$F,0)),"") -> אקסיומה רובוטיקס בע"מ | F359: Email | G359: R&D, כלי AI | H359: Shir | K359: Waiting of answer | L359: =TEXT(B359,"YYYY-MM-DD")&C359 -> 2026-04-14amir@axioma-in.com
A360: =IF(tblOutreachLog[[#This Row],[Interaction Date]]<>0,ROW()-1,"") -> 359 | B360: 46126 | C360: doron@eexion.com | D360: =IFERROR(INDEX(Contacts!$B:$B,MATCH(C360,Contacts!$F:$F,0))&" "&INDEX(Contacts!$C:$C,MATCH(C360,Contacts!$F:$F,0)),"") | E360: =IFERROR(INDEX(Contacts!$E:$E,MATCH(C360,Contacts!$F:$F,0)),"") | F360: Email | G360: כלי AI, פיתוח לתהליכי ייצור | H360: Shir | K360: Waiting of answer | L360: =TEXT(B360,"YYYY-MM-DD")&C360 -> 2026-04-14doron@eexion.com
A361: =IF(tblOutreachLog[[#This Row],[Interaction Date]]<>0,ROW()-1,"") -> 360 | B361: 46126 | C361: ella.shapira@exyte.net | D361: =IFERROR(INDEX(Contacts!$B:$B,MATCH(C361,Contacts!$F:$F,0))&" "&INDEX(Contacts!$C:$C,MATCH(C361,Contacts!$F:$F,0)),"") -> אלה שפירא | E361: =IFERROR(INDEX(Contacts!$E:$E,MATCH(C361,Contacts!$F:$F,0)),"") -> אקסייט ישראל פרויקטים | F361: Email | G361: כלי AI, A_I | H361: Shir | K361: Waiting of answer | L361: =TEXT(B361,"YYYY-MM-DD")&C361 -> 2026-04-14ella.shapira@exyte.net
A362: =IF(tblOutreachLog[[#This Row],[Interaction Date]]<>0,ROW()-1,"") -> 361 | B362: 46126 | C362: gadi@bobo-balance.com | D362: =IFERROR(INDEX(Contacts!$B:$B,MATCH(C362,Contacts!$F:$F,0))&" "&INDEX(Contacts!$C:$C,MATCH(C362,Contacts!$F:$F,0)),"") -> גדי ניר | E362: =IFERROR(INDEX(Contacts!$E:$E,MATCH(C362,Contacts!$F:$F,0)),"") -> בו אנד בו | F362: Email | G362: כלי AI, פיתוח לתהליכי ייצור | H362: Shir | K362: Waiting of answer | L362: =TEXT(B362,"YYYY-MM-DD")&C362 -> 2026-04-14gadi@bobo-balance.com
... A394: =IF(tblOutreachLog[[#This Row],[Interaction Date]]<>0,ROW()-1,"") -> 393 | B394: 46126 | C394: sdamari@v-corals.com | D394: =IFERROR(INDEX(Contacts!$B:$B,MATCH(C394,Contacts!$F:$F,0))&" "&INDEX(Contacts!$C:$C,MATCH(C394,Contacts!$F:$F,0)),"") -> שחר דמארי | E394: =IFERROR(INDEX(Contacts!$E:$E,MATCH(C394,Contacts!$F:$F,0)),"") -> וי-קוראלס בע"מ | F394: Email | G394: כלי AI, גיוס, פיתוח לתהליכי ייצור | H394: Shir | K394: Waiting of answer | L394: =TEXT(B394,"YYYY-MM-DD")&C394 -> 2026-04-14sdamari@v-corals.com
A395: =IF(tblOutreachLog[[#This Row],[Interaction Date]]<>0,ROW()-1,"") -> 394 | B395: 46126 | C395: yossi@vflow21.com | D395: =IFERROR(INDEX(Contacts!$B:$B,MATCH(C395,Contacts!$F:$F,0))&" "&INDEX(Contacts!$C:$C,MATCH(C395,Contacts!$F:$F,0)),"") -> יוסי מזאל | E395: =IFERROR(INDEX(Contacts!$E:$E,MATCH(C395,Contacts!$F:$F,0)),"") -> וי - פלואו 21 בע"מ | F395: Email | G395: R&D, גיוס, כלי AI | H395: Shir | I395: לא רלוונטי | K395: Done | L395: =TEXT(B395,"YYYY-MM-DD")&C395 -> 2026-04-14yossi@vflow21.com
A396: =IF(tblOutreachLog[[#This Row],[Interaction Date]]<>0,ROW()-1,"") -> 395 | B396: 46126 | C396: amit.turman@viritis2020.com | D396: =IFERROR(INDEX(Contacts!$B:$B,MATCH(C396,Contacts!$F:$F,0))&" "&INDEX(Contacts!$C:$C,MATCH(C396,Contacts!$F:$F,0)),"") -> עמית טורמן | E396: =IFERROR(INDEX(Contacts!$E:$E,MATCH(C396,Contacts!$F:$F,0)),"") -> ויריטיס בע"מ | F396: Email | G396: כלי AI | H396: Shir | K396: Waiting of answer | L396: =TEXT(B396,"YYYY-MM-DD")&C396 -> 2026-04-14amit.turman@viritis2020.com
A397: =IF(tblOutreachLog[[#This Row],[Interaction Date]]<>0,ROW()-1,"") -> 396 | B397: 46126 | C397: michael@saffron.ag | D397: =IFERROR(INDEX(Contacts!$B:$B,MATCH(C397,Contacts!$F:$F,0))&" "&INDEX(Contacts!$C:$C,MATCH(C397,Contacts!$F:$F,0)),"") -> מיכאל אוסטר | E397: =IFERROR(INDEX(Contacts!$E:$E,MATCH(C397,Contacts!$F:$F,0)),"") -> זעפרן-טק | F397: Email | G397: R&D, פיתוח לתהליכי ייצור, כלי AI | H397: Shir | K397: Waiting of answer | L397: =TEXT(B397,"YYYY-MM-DD")&C397 -> 2026-04-14michael@saffron.ag
A398: =IF(tblOutreachLog[[#This Row],[Interaction Date]]<>0,ROW()-1,"") -> 397 | B398: 46126 | C398: hazem@hasoub.org | D398: =IFERROR(INDEX(Contacts!$B:$B,MATCH(C398,Contacts!$F:$F,0))&" "&INDEX(Contacts!$C:$C,MATCH(C398,Contacts!$F:$F,0)),"") -> חאזם חטאב | E398: =IFERROR(INDEX(Contacts!$E:$E,MATCH(C398,Contacts!$F:$F,0)),"") -> חאסוב לאבס בע"מ (חל"צ) | F398: Email | G398: ייעוץ לפרוטפוליו | H398: Shir | K398: Waiting of answer | L398: =TEXT(B398,"YYYY-MM-DD")&C398 -> 2026-04-14hazem@hasoub.org
A399: =IF(tblOutreachLog[[#This Row],[Interaction Date]]<>0,ROW()-1,"") -> 398 | B399: 46126 | C399: sivany@i4valley.com | D399: =IFERROR(INDEX(Contacts!$B:$B,MATCH(C399,Contacts!$F:$F,0))&" "&INDEX(Contacts!$C:$C,MATCH(C399,Contacts!$F:$F,0)),"") -> סיון יחיאלי | E399: =IFERROR(INDEX(Contacts!$E:$E,MATCH(C399,Contacts!$F:$F,0)),"") -> חממת כרמיאל לתעשייה חכמה בע"מ | F399: Email | G399: יעוץ ופיתוח בהעברה ממחקר לישום, ייעוץ לפרוטפוליו | H399: Shir | K399: Waiting of answer | L399: =TEXT(B399,"YYYY-MM-DD")&C399 -> 2026-04-14sivany@i4valley.com
A400: =IF(tblOutreachLog[[#This Row],[Interaction Date]]<>0,ROW()-1,"") -> 399 | B400: 46126 | C400: morris@tedence.com | D400: =IFERROR(INDEX(Contacts!$B:$B,MATCH(C400,Contacts!$F:$F,0))&" "&INDEX(Contacts!$C:$C,MATCH(C400,Contacts!$F:$F,0)),"") -> משה לסטר | E400: =IFERROR(INDEX(Contacts!$E:$E,MATCH(C400,Contacts!$F:$F,0)),"") -> טדנס בע"מ | F400: Email | G400: A_I, R&D, כלי AI | H400: Shir | K400: Waiting of answer | L400: =TEXT(B400,"YYYY-MM-DD")&C400 -> 2026-04-14morris@tedence.com
...
